poi,path,shootingDate,shooter,description,note,fid,mid_thumbnail,small_thumbnail
"101",./images/101/no101.JPG,2020/11/28 10:48:51,井坂優斗,菅原馬頭尊,,"1",./mid_thumbs/101/no101.JPG,./small_thumbs/101/no101.JPG
"102",./images/102/no102.JPG,2020/12/05 14:44:19,井坂優斗,喜市馬頭尊,,"2",./mid_thumbs/102/no102.JPG,./small_thumbs/102/no102.JPG
"103",./images/103/no103-DSC_7140.JPG,2021/01/04 11:14:32,宮田圭祐,明治馬頭尊,,"3",./mid_thumbs/103/no103-DSC_7140.JPG,./small_thumbs/103/no103-DSC_7140.JPG
"107",./images/107/no107.JPG,2020/12/05 14:20:53,井坂優斗,曜華如意輪塔,,"4",./mid_thumbs/107/no107.JPG,./small_thumbs/107/no107.JPG
"108",./images/108/no108.JPG,2020/11/28 12:06:05,井坂優斗,観性寺二十三夜塔,,"5",./mid_thumbs/108/no108.JPG,./small_thumbs/108/no108.JPG
"109",./images/109/no109-DSC_7152.JPG,2021/01/04 14:05:05,宮田圭祐,五宝寺十九夜塔,,"6",./mid_thumbs/109/no109-DSC_7152.JPG,./small_thumbs/109/no109-DSC_7152.JPG
"11",./images/11/no11-DSC_7170.JPG,2021/01/04 15:07:39,宮田圭祐,東亜志士加藤仡夫君碑,,"7",./mid_thumbs/11/no11-DSC_7170.JPG,./small_thumbs/11/no11-DSC_7170.JPG
"112",./images/112/no112-DSC_7157.JPG,2021/01/04 14:50:40,宮田圭祐,庚申待供養塔,,"8",./mid_thumbs/112/no112-DSC_7157.JPG,./small_thumbs/112/no112-DSC_7157.JPG
"113",./images/113/no113-DSC_7162.JPG,2021/01/04 14:51:23,宮田圭祐,寛文三猿庚申塔,,"9",./mid_thumbs/113/no113-DSC_7162.JPG,./small_thumbs/113/no113-DSC_7162.JPG
"115",./images/115/no115-DSC_7158.JPG,2021/01/04 14:50:51,宮田圭祐,延宝文字庚申塔,,"10",./mid_thumbs/115/no115-DSC_7158.JPG,./small_thumbs/115/no115-DSC_7158.JPG
"116",./images/116/no116-DSC_7159.JPG,2021/01/04 14:50:54,宮田圭祐,延宝三猿庚申塔,,"11",./mid_thumbs/116/no116-DSC_7159.JPG,./small_thumbs/116/no116-DSC_7159.JPG
"117",./images/117/no117-DSC_7133.JPG,2021/01/04 11:10:36,宮田圭祐,法高寺三猿庚申塔,,"12",./mid_thumbs/117/no117-DSC_7133.JPG,./small_thumbs/117/no117-DSC_7133.JPG
"118",./images/118/no118.JPG,2020/11/28 12:08:11,井坂優斗,延宝観性寺庚申塔,,"13",./mid_thumbs/118/no118.JPG,./small_thumbs/118/no118.JPG
"12",./images/12/no12-DSC_7171.JPG,2021/01/04 15:08:51,宮田圭祐,本堂改築記念碑,,"14",./mid_thumbs/12/no12-DSC_7171.JPG,./small_thumbs/12/no12-DSC_7171.JPG
"120",./images/120/no120-DSC_7134.JPG,2021/01/04 11:10:45,宮田圭祐,延宝三猿庚申塔,,"15",./mid_thumbs/120/no120-DSC_7134.JPG,./small_thumbs/120/no120-DSC_7134.JPG
"122",./images/122/no122.JPG,2020/12/05 14:16:55,井坂優斗,延宝夘月庚申塔,,"16",./mid_thumbs/122/no122.JPG,./small_thumbs/122/no122.JPG
"123",./images/123/no123.JPG,2020/12/05 14:40:01,井坂優斗,天和庚申塔,,"17",./mid_thumbs/123/no123.JPG,./small_thumbs/123/no123.JPG
"124",./images/124/no124.JPG,2020/12/05 14:39:55,井坂優斗,貞享庚申塔,,"18",./mid_thumbs/124/no124.JPG,./small_thumbs/124/no124.JPG
"125",./images/125/no125.JPG,2020/11/28 11:22:19,井坂優斗,龍泉寺元禄庚申塔,,"19",./mid_thumbs/125/no125.JPG,./small_thumbs/125/no125.JPG
"126",./images/126/no126-DSC_7160.JPG,2021/01/04 14:51:00,宮田圭祐,元禄三猿庚申塔,,"20",./mid_thumbs/126/no126-DSC_7160.JPG,./small_thumbs/126/no126-DSC_7160.JPG
"127",./images/127/no127.JPG,2020/12/05 14:20:47,井坂優斗,元禄教王院庚申塔,,"21",./mid_thumbs/127/no127.JPG,./small_thumbs/127/no127.JPG
"128",./images/128/no128.JPG,2020/11/28 12:08:00,井坂優斗,宝永観性寺庚申塔,,"22",./mid_thumbs/128/no128.JPG,./small_thumbs/128/no128.JPG
"131",./images/131/no131-DSC_7153.JPG,2021/01/04 14:05:17,宮田圭祐,寛政文字庚申塔,,"23",./mid_thumbs/131/no131-DSC_7153.JPG,./small_thumbs/131/no131-DSC_7153.JPG
"133",./images/133/no133.JPG,2020/11/28 12:08:30,井坂優斗,寛政玉石庚申塔,,"24",./mid_thumbs/133/no133.JPG,./small_thumbs/133/no133.JPG
"134",./images/134/no134.JPG,2020/11/28 11:18:20,井坂優斗,自然石庚申塔,,"25",./mid_thumbs/134/no134.JPG,./small_thumbs/134/no134.JPG
"140",./images/140/no140-DSC_7164.JPG,2021/01/04 14:52:02,宮田圭祐,自然石庚申塔,,"26",./mid_thumbs/140/no140-DSC_7164.JPG,./small_thumbs/140/no140-DSC_7164.JPG
"141",./images/141/no141.JPG,2020/11/28 10:59:38,井坂優斗,青梅庚申塔,,"27",./mid_thumbs/141/no141.JPG,./small_thumbs/141/no141.JPG
"142",./images/142/no142.JPG,2020/11/28 11:00:50,井坂優斗,青梅自然石庚申塔,,"28",./mid_thumbs/142/no142.JPG,./small_thumbs/142/no142.JPG
"143",./images/143/no143.JPG,2020/11/28 11:00:35,井坂優斗,碑型三猿庚申塔,,"29",./mid_thumbs/143/no143.JPG,./small_thumbs/143/no143.JPG
"144",./images/144/no144.JPG,2020/11/28 11:01:00,井坂優斗,後岡庚申塔,,"30",./mid_thumbs/144/no144.JPG,./small_thumbs/144/no144.JPG
"145",./images/145/no145-DSC_7179.JPG,2021/01/04 15:29:02,宮田圭祐,青石地蔵板碑,,"31",./mid_thumbs/145/no145-DSC_7179.JPG,./small_thumbs/145/no145-DSC_7179.JPG
"149",./images/149/no149-DSC_7154.JPG,2021/01/04 14:14:46,宮田圭祐,不動まんだら板碑,,"32",./mid_thumbs/149/no149-DSC_7154.JPG,./small_thumbs/149/no149-DSC_7154.JPG
"15",./images/15/no15.JPG,2020/11/28 11:56:39,井坂優斗,寺門興隆之碑,,"33",./mid_thumbs/15/no15.JPG,./small_thumbs/15/no15.JPG
"1584",./images/1584/no1584.JPG,2020/11/28 11:17:57,井坂優斗,毘沙門堂修理記念碑,,"34",./mid_thumbs/1584/no1584.JPG,./small_thumbs/1584/no1584.JPG
"1585",./images/1585/no1585.JPG,2020/11/28 11:18:05,井坂優斗,凱旋紀念碑,,"35",./mid_thumbs/1585/no1585.JPG,./small_thumbs/1585/no1585.JPG
"1586",./images/1586/no1586.JPG,2020/11/28 11:20:16,井坂優斗,当寺中興碑,,"36",./mid_thumbs/1586/no1586.JPG,./small_thumbs/1586/no1586.JPG
"16",./images/16/no16.JPG,2020/11/28 11:42:33,井坂優斗,前町長銅像寄附者の碑,,"37",./mid_thumbs/16/no16.JPG,./small_thumbs/16/no16.JPG
"17",./images/17/no17.JPG,2020/11/28 11:47:09,井坂優斗,荒井閑窓句碑,,"38",./mid_thumbs/17/no17.JPG,./small_thumbs/17/no17.JPG
"1752",./images/1752/no1752-DSC_7189.JPG,2021/01/04 16:09:25,宮田圭祐,火防組創部記念碑,,"39",./mid_thumbs/1752/no1752-DSC_7189.JPG,./small_thumbs/1752/no1752-DSC_7189.JPG
"1753",./images/1753/no1753-DSC_7190.JPG,2021/01/04 16:15:03,宮田圭祐,白山神社改築記念碑,,"40",./mid_thumbs/1753/no1753-DSC_7190.JPG,./small_thumbs/1753/no1753-DSC_7190.JPG
"18",./images/18/no18.JPG,2020/11/28 11:46:17,井坂優斗,石塚荘次郎君碑,,"41",./mid_thumbs/18/no18.JPG,./small_thumbs/18/no18.JPG
"1800",./images/1800/no1800-DSC_7073.JPG,2020/11/28 14:20:57,宮田圭祐,百度石,,"42",./mid_thumbs/1800/no1800-DSC_7073.JPG,./small_thumbs/1800/no1800-DSC_7073.JPG
"1801",./images/1801/no1801-DSC_7102.JPG,2020/11/28 15:14:08,宮田圭祐,御神前,,"43",./mid_thumbs/1801/no1801-DSC_7102.JPG,./small_thumbs/1801/no1801-DSC_7102.JPG
"1802",./images/1802/no1802-DSC_7100.JPG,2020/11/28 15:09:49,宮田圭祐,永代常灯明,,"44",./mid_thumbs/1802/no1802-DSC_7100.JPG,./small_thumbs/1802/no1802-DSC_7100.JPG
"1803",./images/1803/no1803-DSC_7126.JPG,2021/01/04 10:37:45,宮田圭祐,六百五十遠忌報恩謝徳,,"45",./mid_thumbs/1803/no1803-DSC_7126.JPG,./small_thumbs/1803/no1803-DSC_7126.JPG
"1804",./images/1804/no1804-DSC_7187.JPG,2021/01/04 16:04:02,宮田圭祐,天笠勝臧翁之碑,,"46",./mid_thumbs/1804/no1804-DSC_7187.JPG,./small_thumbs/1804/no1804-DSC_7187.JPG
"1805",./images/1805/no1805-DSC_7192.JPG,2021/01/04 16:15:35,宮田圭祐,享保三猿庚申塔,,"47",./mid_thumbs/1805/no1805-DSC_7192.JPG,./small_thumbs/1805/no1805-DSC_7192.JPG
"1806",./images/1806/no1806-DSC_7193.JPG,2021/01/04 16:15:46,宮田圭祐,正徳三猿庚申塔,,"48",./mid_thumbs/1806/no1806-DSC_7193.JPG,./small_thumbs/1806/no1806-DSC_7193.JPG
"1807",./images/1807/no1807-DSC_7194.JPG,2021/01/04 16:15:57,宮田圭祐,享保三猿庚申塔,,"49",./mid_thumbs/1807/no1807-DSC_7194.JPG,./small_thumbs/1807/no1807-DSC_7194.JPG
"1808",./images/1808/no1808-DSC_7195.JPG,2021/01/04 16:17:35,宮田圭祐,婦命弁財天,,"50",./mid_thumbs/1808/no1808-DSC_7195.JPG,./small_thumbs/1808/no1808-DSC_7195.JPG
"1809",./images/1809/no1809-DSC_7196.JPG,2021/01/04 16:17:47,宮田圭祐,普門品供養塔,,"51",./mid_thumbs/1809/no1809-DSC_7196.JPG,./small_thumbs/1809/no1809-DSC_7196.JPG
"2",./images/2/no2.JPG,2020/11/28 11:12:26,井坂優斗,竹生島神社建営碑,,"52",./mid_thumbs/2/no2.JPG,./small_thumbs/2/no2.JPG
"20",./images/20/no20.JPG,2020/11/28 10:47:37,井坂優斗,琴平神社営築記念碑,,"53",./mid_thumbs/20/no20.JPG,./small_thumbs/20/no20.JPG
"203",./images/203/no203.JPG,2020/12/05 14:45:48,井坂優斗,大道寺宝篋印塔（1）,,"54",./mid_thumbs/203/no203.JPG,./small_thumbs/203/no203.JPG
"208",./images/208/no208-DSC_7155.JPG,2021/01/04 14:19:06,宮田圭祐,種子不明板碑,,"55",./mid_thumbs/208/no208-DSC_7155.JPG,./small_thumbs/208/no208-DSC_7155.JPG
"213",./images/213/no213-DSC_7184.JPG,2021/01/04 16:01:28,宮田圭祐,法泉寺宝篋印塔（1）,,"56",./mid_thumbs/213/no213-DSC_7184.JPG,./small_thumbs/213/no213-DSC_7184.JPG
"214",./images/214/no214-DSC_7185.JPG,2021/01/04 16:01:55,宮田圭祐,法泉寺宝篋印塔（2）,,"57",./mid_thumbs/214/no214-DSC_7185.JPG,./small_thumbs/214/no214-DSC_7185.JPG
"215",./images/215/no215-DSC_7186.JPG,2021/01/04 16:02:04,宮田圭祐,法泉寺宝篋印塔（3）,,"58",./mid_thumbs/215/no215-DSC_7186.JPG,./small_thumbs/215/no215-DSC_7186.JPG
"220",./images/220/no220-DSC_7132.JPG,2021/01/04 11:03:15,宮田圭祐,法高寺宝篋印塔（1）,,"59",./mid_thumbs/220/no220-DSC_7132.JPG,./small_thumbs/220/no220-DSC_7132.JPG
"222",./images/222/no222-DSC_7131.JPG,2021/01/04 10:55:09,宮田圭祐,法高寺宝篋印塔（3）,,"60",./mid_thumbs/222/no222-DSC_7131.JPG,./small_thumbs/222/no222-DSC_7131.JPG
"223",./images/223/no223-DSC_7130.JPG,2021/01/04 10:51:08,宮田圭祐,法高寺宝篋印塔（4）,,"61",./mid_thumbs/223/no223-DSC_7130.JPG,./small_thumbs/223/no223-DSC_7130.JPG
"23",./images/23/no23-DSC_7123.JPG,2021/01/04 10:14:19,宮田圭祐,新築記念宝塔,,"62",./mid_thumbs/23/no23-DSC_7123.JPG,./small_thumbs/23/no23-DSC_7123.JPG
"231",./images/231/no231.JPG,2020/12/05 14:22:05,井坂優斗,教王院宝篋印塔（1）,,"63",./mid_thumbs/231/no231.JPG,./small_thumbs/231/no231.JPG
"237",./images/237/no237.JPG,2020/11/28 11:08:30,井坂優斗,竹生島神社入口道標,,"64",./mid_thumbs/237/no237.JPG,./small_thumbs/237/no237.JPG
"238",./images/238/no238.JPG,2020/11/28 11:08:30,宮田圭祐,尾曳神社入口道標,,"65",./mid_thumbs/238/no238.JPG,./small_thumbs/238/no238.JPG
"239",./images/239/no239.JPG,2020/11/28 11:08:30,宮田圭祐,館林町道路元標,,"66",./mid_thumbs/239/no239.JPG,./small_thumbs/239/no239.JPG
"241",./images/241/no241-DSC_7175.JPG,2021/01/04 15:22:22,宮田圭祐,廊應名号塔,,"67",./mid_thumbs/241/no241-DSC_7175.JPG,./small_thumbs/241/no241-DSC_7175.JPG
"242",./images/242/no242-DSC_7141.JPG,2021/01/04 13:33:44,宮田圭祐,法輪寺閻魔大王,,"68",./mid_thumbs/242/no242-DSC_7141.JPG,./small_thumbs/242/no242-DSC_7141.JPG
"243",./images/243/no243-DSC_7176.JPG,2021/01/04 15:24:38,宮田圭祐,覚阿名号塔,,"69",./mid_thumbs/243/no243-DSC_7176.JPG,./small_thumbs/243/no243-DSC_7176.JPG
"248",./images/248/no248-DSC_7163.JPG,2021/01/04 14:51:36,宮田圭祐,寒念仏供養塔,,"70",./mid_thumbs/248/no248-DSC_7163.JPG,./small_thumbs/248/no248-DSC_7163.JPG
"249",./images/249/no249.JPG,2020/12/05 14:20:59,井坂優斗,光明真言供養塔,,"71",./mid_thumbs/249/no249.JPG,./small_thumbs/249/no249.JPG
"25",./images/25/no25.JPG,2017/02/18 10:10:48,井坂優斗,秋元志朝頌徳碑,,"72",./mid_thumbs/25/no25.JPG,./small_thumbs/25/no25.JPG
"256",./images/256/no256-DSC_7083.JPG,2020/11/28 14:43:07,宮田圭祐,円教寺名号塔,,"73",./mid_thumbs/256/no256-DSC_7083.JPG,./small_thumbs/256/no256-DSC_7083.JPG
"258",./images/258/no258-DSC_7145.JPG,2021/01/04 13:44:26,宮田圭祐,戒壇石,,"74",./mid_thumbs/258/no258-DSC_7145.JPG,./small_thumbs/258/no258-DSC_7145.JPG
"26",./images/26/no26.JPG,2017/02/18 10:05:57,井坂優斗,城沼墾田碑,,"75",./mid_thumbs/26/no26.JPG,./small_thumbs/26/no26.JPG
"260",./images/260/no260-DSC_7125.JPG,2021/01/04 10:14:56,宮田圭祐,六百遠忌報恩塔,,"76",./mid_thumbs/260/no260-DSC_7125.JPG,./small_thumbs/260/no260-DSC_7125.JPG
"261",./images/261/no261.JPG,2020/12/05 14:44:29,井坂優斗,大道寺名号塔,,"77",./mid_thumbs/261/no261.JPG,./small_thumbs/261/no261.JPG
"28",./images/28/no28.JPG,2017/02/18 10:04:01,井坂優斗,岡谷瑳磨介の碑,,"78",./mid_thumbs/28/no28.JPG,./small_thumbs/28/no28.JPG
"3",./images/3/no3.JPG,2020/11/28 11:11:11,井坂優斗,神社記念碑,,"79",./mid_thumbs/3/no3.JPG,./small_thumbs/3/no3.JPG
"35",./images/35/no35.JPG,2017/04/07 11:20:49,井坂優斗,田山花袋歌碑,,"80",./mid_thumbs/35/no35.JPG,./small_thumbs/35/no35.JPG
"4",./images/4/no4.JPG,2020/11/28 11:10:11,井坂優斗,城沼耕地整理記念碑,,"81",./mid_thumbs/4/no4.JPG,./small_thumbs/4/no4.JPG
"43",./images/43/no43.JPG,2019/03/15 17:10:45,井坂優斗,藤牧義夫版画碑,,"82",./mid_thumbs/43/no43.JPG,./small_thumbs/43/no43.JPG
"44",./images/44/no44-DSC_7174.JPG,2021/01/04 15:18:19,宮田圭祐,鐘楼堂石垣再建碑,,"83",./mid_thumbs/44/no44-DSC_7174.JPG,./small_thumbs/44/no44-DSC_7174.JPG
"45",./images/45/no45-DSC_7173.JPG,2021/01/04 15:17:50,宮田圭祐,筆塚碑,,"84",./mid_thumbs/45/no45-DSC_7173.JPG,./small_thumbs/45/no45-DSC_7173.JPG
"46",./images/46/no46-DSC_7181.JPG,2021/01/04 15:33:47,宮田圭祐,征露祈願碑,,"85",./mid_thumbs/46/no46-DSC_7181.JPG,./small_thumbs/46/no46-DSC_7181.JPG
"47",./images/47/no47-DSC_7180.JPG,2021/01/04 15:30:44,宮田圭祐,合祀記念之碑,,"86",./mid_thumbs/47/no47-DSC_7180.JPG,./small_thumbs/47/no47-DSC_7180.JPG
"48",./images/48/no48-DSC_7119.JPG,2020/11/28 15:38:33,宮田圭祐,戦死者の碑,,"87",./mid_thumbs/48/no48-DSC_7119.JPG,./small_thumbs/48/no48-DSC_7119.JPG
"49",./images/49/no49-DSC_7115.JPG,2020/11/28 15:37:54,宮田圭祐,招魂祠前長歌等碑,,"88",./mid_thumbs/49/no49-DSC_7115.JPG,./small_thumbs/49/no49-DSC_7115.JPG
"5",./images/5/no5.JPG,2020/11/28 10:55:59,井坂優斗,青梅天満宮標石,,"89",./mid_thumbs/5/no5.JPG,./small_thumbs/5/no5.JPG
"50",./images/50/no50-DSC_7109.JPG,2020/11/28 15:29:26,宮田圭祐,西南役戦死碑,,"90",./mid_thumbs/50/no50-DSC_7109.JPG,./small_thumbs/50/no50-DSC_7109.JPG
"51",./images/51/no51-DSC_7106.JPG,2020/11/28 15:27:21,宮田圭祐,十一士招魂碑,,"91",./mid_thumbs/51/no51-DSC_7106.JPG,./small_thumbs/51/no51-DSC_7106.JPG
"52",./images/52/no52-DSC_7114.JPG,2020/11/28 15:32:38,宮田圭祐,大久保無二斎の碑,,"92",./mid_thumbs/52/no52-DSC_7114.JPG,./small_thumbs/52/no52-DSC_7114.JPG
"53",./images/53/no53-DSC_7110.JPG,2020/11/28 15:29:49,宮田圭祐,明治二十七、八年戦役碑,,"93",./mid_thumbs/53/no53-DSC_7110.JPG,./small_thumbs/53/no53-DSC_7110.JPG
"54",./images/54/no54-DSC_7104.JPG,2020/11/28 15:19:43,宮田圭祐,日露戦役記念碑,,"94",./mid_thumbs/54/no54-DSC_7104.JPG,./small_thumbs/54/no54-DSC_7104.JPG
"55",./images/55/no55-DSC_7105.JPG,2020/11/28 15:20:38,宮田圭祐,招魂合祭碑,,"95",./mid_thumbs/55/no55-DSC_7105.JPG,./small_thumbs/55/no55-DSC_7105.JPG
"56",./images/56/no56-DSC_7120.JPG,2020/11/28 15:38:42,宮田圭祐,櫻樹移植の碑,,"96",./mid_thumbs/56/no56-DSC_7120.JPG,./small_thumbs/56/no56-DSC_7120.JPG
"57",./images/57/no57-DSC_7118.JPG,2020/11/28 15:38:24,宮田圭祐,官祭招魂社石標,,"97",./mid_thumbs/57/no57-DSC_7118.JPG,./small_thumbs/57/no57-DSC_7118.JPG
"58",./images/58/no58-DSC_7088.JPG,2020/11/28 14:51:58,宮田圭祐,つつじ分植の碑,,"98",./mid_thumbs/58/no58-DSC_7088.JPG,./small_thumbs/58/no58-DSC_7088.JPG
"59",./images/59/no59-DSC_7091.JPG,2020/11/28 14:58:55,宮田圭祐,伊勢両宮太々神楽碑,,"99",./mid_thumbs/59/no59-DSC_7091.JPG,./small_thumbs/59/no59-DSC_7091.JPG
"6",./images/6/no6.JPG,2020/11/28 10:58:32,井坂優斗,参宮記念碑,,"100",./mid_thumbs/6/no6.JPG,./small_thumbs/6/no6.JPG
"60",./images/60/no60-DSC_7092.JPG,2020/11/28 14:59:20,宮田圭祐,社殿改築記念碑,,"101",./mid_thumbs/60/no60-DSC_7092.JPG,./small_thumbs/60/no60-DSC_7092.JPG
"61",./images/61/no61-DSC_7090.JPG,2020/11/28 14:54:29,宮田圭祐,織物組合記念碑,,"102",./mid_thumbs/61/no61-DSC_7090.JPG,./small_thumbs/61/no61-DSC_7090.JPG
"62",./images/62/no62-DSC_7093.JPG,2020/11/28 15:03:31,宮田圭祐,織姫神社石鳥居記念碑,,"103",./mid_thumbs/62/no62-DSC_7093.JPG,./small_thumbs/62/no62-DSC_7093.JPG
"64",./images/64/no64-DSC_7085.JPG,2020/11/28 14:50:12,宮田圭祐,長良大明神標石,,"104",./mid_thumbs/64/no64-DSC_7085.JPG,./small_thumbs/64/no64-DSC_7085.JPG
"7",./images/7/no7-DSC_7169.JPG,2021/01/04 15:03:09,宮田圭祐,篤敬三宝碑,,"105",./mid_thumbs/7/no7-DSC_7169.JPG,./small_thumbs/7/no7-DSC_7169.JPG
"74",./images/74/no74-DSC_7142.JPG,2021/01/04 13:33:54,宮田圭祐,元禄浮彫り地蔵尊,,"106",./mid_thumbs/74/no74-DSC_7142.JPG,./small_thumbs/74/no74-DSC_7142.JPG
"77",./images/77/no77.JPG,2020/12/05 14:46:44,井坂優斗,元禄地蔵尊,,"107",./mid_thumbs/77/no77.JPG,./small_thumbs/77/no77.JPG
"79",./images/79/no79.JPG,2020/11/28 12:08:07,井坂優斗,常念丸彫り地蔵尊,,"108",./mid_thumbs/79/no79.JPG,./small_thumbs/79/no79.JPG
"8",./images/8/no8-DSC_7168.JPG,2021/01/04 15:03:00,宮田圭祐,御大典記念碑,,"109",./mid_thumbs/8/no8-DSC_7168.JPG,./small_thumbs/8/no8-DSC_7168.JPG
"80",./images/80/no80-DSC_7148.JPG,2021/01/04 13:52:17,宮田圭祐,法輪寺月参地蔵尊,,"110",./mid_thumbs/80/no80-DSC_7148.JPG,./small_thumbs/80/no80-DSC_7148.JPG
"81",./images/81/no81.JPG,2020/12/05 14:42:15,井坂優斗,伊右衛門地蔵尊,,"111",./mid_thumbs/81/no81.JPG,./small_thumbs/81/no81.JPG
"82",./images/82/no82-DSC_7149.JPG,2021/01/04 13:52:29,宮田圭祐,法輪寺寒念仏地蔵尊,,"112",./mid_thumbs/82/no82-DSC_7149.JPG,./small_thumbs/82/no82-DSC_7149.JPG
"83",./images/83/no83.JPG,2020/12/05 14:39:27,井坂優斗,大道寺寛延仏地蔵尊,,"113",./mid_thumbs/83/no83.JPG,./small_thumbs/83/no83.JPG
"84",./images/84/no84.JPG,2020/12/05 14:39:07,井坂優斗,大道寺寛延地蔵尊,,"114",./mid_thumbs/84/no84.JPG,./small_thumbs/84/no84.JPG
"87",./images/87/no87-DSC_7147.JPG,2021/01/04 13:52:08,宮田圭祐,享和百萬遍供養地蔵尊,,"115",./mid_thumbs/87/no87-DSC_7147.JPG,./small_thumbs/87/no87-DSC_7147.JPG
"88",./images/88/no88.JPG,2020/11/28 10:49:25,井坂優斗,甲州地蔵尊,,"116",./mid_thumbs/88/no88.JPG,./small_thumbs/88/no88.JPG
"89",./images/89/no89-DSC_7144.JPG,2021/01/04 13:35:34,宮田圭祐,三界萬霊地蔵尊,,"117",./mid_thumbs/89/no89-DSC_7144.JPG,./small_thumbs/89/no89-DSC_7144.JPG
"9",./images/9/no9-DSC_7167.JPG,2021/01/04 15:02:47,宮田圭祐,館林鳶組記念碑,,"118",./mid_thumbs/9/no9-DSC_7167.JPG,./small_thumbs/9/no9-DSC_7167.JPG
"96",./images/96/no96-DSC_7139.JPG,2021/01/04 11:12:54,宮田圭祐,吉長馬頭尊,,"119",./mid_thumbs/96/no96-DSC_7139.JPG,./small_thumbs/96/no96-DSC_7139.JPG
"98",./images/98/no98-DSC_7182.JPG,2021/01/04 15:44:07,宮田圭祐,左山馬頭尊,,"120",./mid_thumbs/98/no98-DSC_7182.JPG,./small_thumbs/98/no98-DSC_7182.JPG
"99",./images/99/no99.JPG,2020/11/28 11:27:04,井坂優斗,下町馬頭尊,,"121",./mid_thumbs/99/no99.JPG,./small_thumbs/99/no99.JPG
"1235",./images/1235/yamada_fujiyama_seimen.jpg,2020/08/22 17:04:32,Kohei Otsuka,山田 富士塚の青面金剛,,"122",./mid_thumbs/1235/yamada_fujiyama_seimen.jpg,./small_thumbs/1235/yamada_fujiyama_seimen.jpg
"1235",./images/1235/yamada_fujiyama_seimen_left.jpg,2020/08/22 17:04:42,Kohei Otsuka,山田 富士塚の青面金剛 左側,,"123",./mid_thumbs/1235/yamada_fujiyama_seimen_left.jpg,./small_thumbs/1235/yamada_fujiyama_seimen_left.jpg
"1235",./images/1235/yamada_fujiyama_seimen_right.jpg,2020/08/22 17:04:57,Kohei Otsuka,山田 富士塚の青面金剛 右側,,"124",./mid_thumbs/1235/yamada_fujiyama_seimen_right.jpg,./small_thumbs/1235/yamada_fujiyama_seimen_right.jpg
"1184",./images/1184/nakajima_jizo.jpg,2020/09/20 16:05:16,Kohei Otsuka,中島部落 地蔵菩薩像,,"125",./mid_thumbs/1184/nakajima_jizo.jpg,./small_thumbs/1184/nakajima_jizo.jpg
"1184",./images/1184/nakajima_jizo_base.jpg,2020/09/20 16:05:37,Kohei Otsuka,中島部落 地蔵菩薩像 台座,,"126",./mid_thumbs/1184/nakajima_jizo_base.jpg,./small_thumbs/1184/nakajima_jizo_base.jpg
"1314",./images/1314/shimoshinden_19ya.jpg,2021/02/02 13:42:45,Kohei Otsuka,下新田の十九夜,,"127",./mid_thumbs/1314/shimoshinden_19ya.jpg,./small_thumbs/1314/shimoshinden_19ya.jpg
"1326",./images/1326/nakajima_23ya.jpg,2020/09/20 16:50:39,Kohei Otsuka,中島 二十三夜,,"128",./mid_thumbs/1326/nakajima_23ya.jpg,./small_thumbs/1326/nakajima_23ya.jpg
"1225",./images/1225/nakajima_seimenkongo.jpg,2018/09/24 15:24:57,Kohei Otsuka,中島の青面金剛,,"129",./mid_thumbs/1225/nakajima_seimenkongo.jpg,./small_thumbs/1225/nakajima_seimenkongo.jpg
"1225",./images/1225/nakajima_seimenkongo_2020.jpg,2020/09/20 16:52:07,Kohei Otsuka,中島の青面金剛 2020年,,"130",./mid_thumbs/1225/nakajima_seimenkongo_2020.jpg,./small_thumbs/1225/nakajima_seimenkongo_2020.jpg
"1189",./images/1189/shimoshinden_jizo.jpg,2021/02/02 13:40:45,Kohei Otsuka,下新田の地蔵菩薩,,"131",./mid_thumbs/1189/shimoshinden_jizo.jpg,./small_thumbs/1189/shimoshinden_jizo.jpg
"1278",./images/1278/temp_yamada_bato_1.jpg,2020/09/20 15:35:43,Kohei Otsuka,仮置き: 山田部落内 馬頭観世音,,"132",./mid_thumbs/1278/temp_yamada_bato_1.jpg,./small_thumbs/1278/temp_yamada_bato_1.jpg
"1281",./images/1281/yamada_bato_statue.jpg,2020/09/20 15:35:13,Kohei Otsuka,山田部落 舟型背面馬頭観世音,,"133",./mid_thumbs/1281/yamada_bato_statue.jpg,./small_thumbs/1281/yamada_bato_statue.jpg
"1282",./images/1282/temp_yamada_bato_2.jpg,2020/09/20 15:35:52,Kohei Otsuka,仮置き: 山田部落内 馬頭観世音,,"134",./mid_thumbs/1282/temp_yamada_bato_2.jpg,./small_thumbs/1282/temp_yamada_bato_2.jpg
"1283",./images/1283/yamada_taisho14_bato.jpg,2020/09/20 15:35:19,Kohei Otsuka,山田部落 大正14年 馬頭観世音,,"135",./mid_thumbs/1283/yamada_taisho14_bato.jpg,./small_thumbs/1283/yamada_taisho14_bato.jpg
"1284",./images/1284/yamada_showa2_bato.jpg,2020/09/20 15:35:25,Kohei Otsuka,山田部落 昭和2年 馬頭観世音,,"136",./mid_thumbs/1284/yamada_showa2_bato.jpg,./small_thumbs/1284/yamada_showa2_bato.jpg
"1229",./images/1229/shimoshinden_4stones.jpg,2021/02/02 13:26:42,Kohei Otsuka,下新田 白山神社前 4石造物,,"137",./mid_thumbs/1229/shimoshinden_4stones.jpg,./small_thumbs/1229/shimoshinden_4stones.jpg
"1229",./images/1229/shimoshinden_meiwa_koshin.jpg,2021/02/02 13:34:02,Kohei Otsuka,下新田の明和庚申,,"138",./mid_thumbs/1229/shimoshinden_meiwa_koshin.jpg,./small_thumbs/1229/shimoshinden_meiwa_koshin.jpg
"1230",./images/1230/shimoshinden_4stones.jpg,2021/02/02 13:26:42,Kohei Otsuka,下新田 白山神社前 4石造物,,"139",./mid_thumbs/1230/shimoshinden_4stones.jpg,./small_thumbs/1230/shimoshinden_4stones.jpg
"1230",./images/1230/shimoshinden_kyoho_koshin.jpg,2021/02/02 13:31:09,Kohei Otsuka,下新田の享保庚申,,"140",./mid_thumbs/1230/shimoshinden_kyoho_koshin.jpg,./small_thumbs/1230/shimoshinden_kyoho_koshin.jpg
"1231",./images/1231/shimoshinden_4stones.jpg,2021/02/02 13:26:42,Kohei Otsuka,下新田 白山神社前 4石造物,,"141",./mid_thumbs/1231/shimoshinden_4stones.jpg,./small_thumbs/1231/shimoshinden_4stones.jpg
"1231",./images/1231/shimoshinden_hoei_koshin.jpg,2021/02/02 13:29:16,Kohei Otsuka,下新田の宝永庚申,,"142",./mid_thumbs/1231/shimoshinden_hoei_koshin.jpg,./small_thumbs/1231/shimoshinden_hoei_koshin.jpg
"1232",./images/1232/shimoshinden_4stones.jpg,2021/02/02 13:26:42,Kohei Otsuka,下新田 白山神社前 4石造物,,"143",./mid_thumbs/1232/shimoshinden_4stones.jpg,./small_thumbs/1232/shimoshinden_4stones.jpg
"1232",./images/1232/shimoshinden_kansei_koshin.jpg,2021/02/02 13:30:12,Kohei Otsuka,下新田の寛政庚申,,"144",./mid_thumbs/1232/shimoshinden_kansei_koshin.jpg,./small_thumbs/1232/shimoshinden_kansei_koshin.jpg
"1232",./images/1232/shimoshinden_kansei_koshin_left.jpg,2021/02/02 13:30:27,Kohei Otsuka,下新田の寛政庚申 左側から,,"145",./mid_thumbs/1232/shimoshinden_kansei_koshin_left.jpg,./small_thumbs/1232/shimoshinden_kansei_koshin_left.jpg
"1232",./images/1232/shimoshinden_kansei_right.jpg,2021/02/02 13:30:44,Kohei Otsuka,下新田の寛政庚申 右側から,,"146",./mid_thumbs/1232/shimoshinden_kansei_right.jpg,./small_thumbs/1232/shimoshinden_kansei_right.jpg
"1367",./images/1367/nakashinden_dohyo_east.jpg,2020/09/20 16:17:38,Kohei Otsuka,中新田入り口 道標 東から,,"147",./mid_thumbs/1367/nakashinden_dohyo_east.jpg,./small_thumbs/1367/nakashinden_dohyo_east.jpg
"1367",./images/1367/nakashinden_dohyo_north.jpg,2020/09/20 16:18:10,Kohei Otsuka,中新田入り口 道標 北から,,"148",./mid_thumbs/1367/nakashinden_dohyo_north.jpg,./small_thumbs/1367/nakashinden_dohyo_north.jpg
"1367",./images/1367/nakashinden_dohyo_south.jpg,2020/09/20 16:17:12,Kohei Otsuka,中新田入り口 道標 南から,,"149",./mid_thumbs/1367/nakashinden_dohyo_south.jpg,./small_thumbs/1367/nakashinden_dohyo_south.jpg
"1221",./images/1221/nakashinden_shotoku_koshin.jpg,2020/09/20 16:26:29,Kohei Otsuka,中新田 正徳年庚申,,"150",./mid_thumbs/1221/nakashinden_shotoku_koshin.jpg,./small_thumbs/1221/nakashinden_shotoku_koshin.jpg
"1222",./images/1222/nakashinden_manen_koshin.jpg,2020/09/20 16:26:39,Kohei Otsuka,中新田 萬延年間 庚申,,"151",./mid_thumbs/1222/nakashinden_manen_koshin.jpg,./small_thumbs/1222/nakashinden_manen_koshin.jpg
"1277",./images/1277/nakashinden_tabei_bato_statue.jpg,2020/09/20 16:14:00,Kohei Otsuka,中新田 田部井家 馬頭観世音,,"152",./mid_thumbs/1277/nakashinden_tabei_bato_statue.jpg,./small_thumbs/1277/nakashinden_tabei_bato_statue.jpg
"1218",./images/1218/obayashi_koshin_2018.jpg,2018/09/24 14:50:22,Kohei Otsuka,大林の庚申,,"153",./mid_thumbs/1218/obayashi_koshin_2018.jpg,./small_thumbs/1218/obayashi_koshin_2018.jpg
"1218",./images/1218/obayashi_koshin_2019.jpg,2019/11/03 15:55:59,Kohei Otsuka,大林の庚申,,"154",./mid_thumbs/1218/obayashi_koshin_2019.jpg,./small_thumbs/1218/obayashi_koshin_2019.jpg
"1325",./images/1325/nakashinden_23ya.jpg,2020/09/20 16:26:01,Kohei Otsuka,中新田 二十三夜,,"155",./mid_thumbs/1325/nakashinden_23ya.jpg,./small_thumbs/1325/nakashinden_23ya.jpg
"1385",./images/1385/nakashinden_myogo.jpg,2020/09/20 16:26:35,Kohei Otsuka,中新田 名号,,"156",./mid_thumbs/1385/nakashinden_myogo.jpg,./small_thumbs/1385/nakashinden_myogo.jpg
"1188",./images/1188/yamajinja_jizo.jpg,2020/08/22 17:08:48,Kohei Otsuka,山田 山神社の地蔵,,"157",./mid_thumbs/1188/yamajinja_jizo.jpg,./small_thumbs/1188/yamajinja_jizo.jpg
"1188",./images/1188/yamajinja_jizo_back.jpg,2020/08/22 17:09:39,Kohei Otsuka,山田 山神社の地蔵 背面,,"158",./mid_thumbs/1188/yamajinja_jizo_back.jpg,./small_thumbs/1188/yamajinja_jizo_back.jpg
"1188",./images/1188/yamajinja_jizo_lefttop.jpg,2020/08/22 17:09:24,Kohei Otsuka,,,"159",./mid_thumbs/1188/yamajinja_jizo_lefttop.jpg,./small_thumbs/1188/yamajinja_jizo_lefttop.jpg
"1188",./images/1188/yamajinja_jizo_righttop.jpg,2020/08/22 17:09:27,Kohei Otsuka,山田 山神社の地蔵 右上の刻銘,,"160",./mid_thumbs/1188/yamajinja_jizo_righttop.jpg,./small_thumbs/1188/yamajinja_jizo_righttop.jpg
"1272",./images/1272/obayashi_bato_kameda.jpg,2020/03/21 15:40:09,Kohei Otsuka,上赤生田大林 亀田家の馬頭観世音,,"161",./mid_thumbs/1272/obayashi_bato_kameda.jpg,./small_thumbs/1272/obayashi_bato_kameda.jpg
"1209",./images/1209/jinya_jizo.jpg,2021/02/02 16:34:09,Kohei Otsuka,陣谷の地蔵菩薩,,"162",./mid_thumbs/1209/jinya_jizo.jpg,./small_thumbs/1209/jinya_jizo.jpg
"1253",./images/1253/kamishinden_zo_koshin.jpg,2021/02/02 11:23:00,Kohei Otsuka,上新田延宝の像庚申,,"163",./mid_thumbs/1253/kamishinden_zo_koshin.jpg,./small_thumbs/1253/kamishinden_zo_koshin.jpg
"1253",./images/1253/kamishinden_zo_koshin_back.jpg,2021/02/02 11:23:09,Kohei Otsuka,上新田延宝の像庚申 背面,,"164",./mid_thumbs/1253/kamishinden_zo_koshin_back.jpg,./small_thumbs/1253/kamishinden_zo_koshin_back.jpg
"1206",./images/1206/shimoshigara_standing_jizo.jpg,2021/02/02 16:49:32,Kohei Otsuka,下志柄の地蔵菩薩,,"165",./mid_thumbs/1206/shimoshigara_standing_jizo.jpg,./small_thumbs/1206/shimoshigara_standing_jizo.jpg
"1207",./images/1207/shimoshigara_sitting_jizo.jpg,2021/02/02 16:48:38,Kohei Otsuka,下志柄の地蔵菩薩,,"166",./mid_thumbs/1207/shimoshigara_sitting_jizo.jpg,./small_thumbs/1207/shimoshigara_sitting_jizo.jpg
"1207",./images/1207/shimoshigara_sitting_jizo_back.jpg,2021/02/02 16:48:46,Kohei Otsuka,下志柄の地蔵菩薩 背面,,"167",./mid_thumbs/1207/shimoshigara_sitting_jizo_back.jpg,./small_thumbs/1207/shimoshigara_sitting_jizo_back.jpg
"1256",./images/1256/kusunoki_2_koshin.jpg,2021/02/02 15:22:00,Kohei Otsuka,楠木神社の庚申2種,,"168",./mid_thumbs/1256/kusunoki_2_koshin.jpg,./small_thumbs/1256/kusunoki_2_koshin.jpg
"1256",./images/1256/kusunoki_zo_koshin.jpg,2021/02/02 15:22:05,Kohei Otsuka,楠木神社の像庚申,,"169",./mid_thumbs/1256/kusunoki_zo_koshin.jpg,./small_thumbs/1256/kusunoki_zo_koshin.jpg
"1256",./images/1256/kusunoki_zo_koshin_back.jpg,2021/02/02 15:22:26,Kohei Otsuka,楠木神社の像庚申 背面,,"170",./mid_thumbs/1256/kusunoki_zo_koshin_back.jpg,./small_thumbs/1256/kusunoki_zo_koshin_back.jpg
"1257",./images/1257/kusunoki_2_koshin.jpg,2021/02/02 15:22:00,Kohei Otsuka,楠木神社の庚申2種,,"171",./mid_thumbs/1257/kusunoki_2_koshin.jpg,./small_thumbs/1257/kusunoki_2_koshin.jpg
"1257",./images/1257/kusunoki_moji_koshin.jpg,2021/02/02 15:22:08,Kohei Otsuka,楠木神社の年代不明の庚申,,"172",./mid_thumbs/1257/kusunoki_moji_koshin.jpg,./small_thumbs/1257/kusunoki_moji_koshin.jpg
"1257",./images/1257/kusunoki_moji_koshin_back.jpg,2021/02/02 15:22:28,Kohei Otsuka,楠木神社の年代不明の庚申 背面,,"173",./mid_thumbs/1257/kusunoki_moji_koshin_back.jpg,./small_thumbs/1257/kusunoki_moji_koshin_back.jpg
"1252",./images/1252/kamishinden_koshin.jpg,2021/02/02 11:19:21,Kohei Otsuka,上新田 自然石庚申,,"174",./mid_thumbs/1252/kamishinden_koshin.jpg,./small_thumbs/1252/kamishinden_koshin.jpg
"1379",./images/1379/tachiba_yudonoyama.jpg,2020/09/20 14:07:06,Kohei Otsuka,他宗場 湯殿山供養塔,,"175",./mid_thumbs/1379/tachiba_yudonoyama.jpg,./small_thumbs/1379/tachiba_yudonoyama.jpg
"1379",./images/1379/tachiba_yudonoyama_back.jpg,2020/09/20 14:07:18,Kohei Otsuka,他宗場 湯殿山供養塔 背後,,"176",./mid_thumbs/1379/tachiba_yudonoyama_back.jpg,./small_thumbs/1379/tachiba_yudonoyama_back.jpg
"1383",./images/1383/tachiba_fudo_myogo.jpg,2020/09/20 14:09:02,Kohei Otsuka,他宗場 不動明王の名号,,"177",./mid_thumbs/1383/tachiba_fudo_myogo.jpg,./small_thumbs/1383/tachiba_fudo_myogo.jpg
"1383",./images/1383/tachiba_fudo_myogo_back.jpg,2020/09/20 14:12:02,Kohei Otsuka,他宗場 不動明王の名号 背面,,"178",./mid_thumbs/1383/tachiba_fudo_myogo_back.jpg,./small_thumbs/1383/tachiba_fudo_myogo_back.jpg
"1384",./images/1384/tachiba_nyoirin_myogo.jpg,2020/09/20 14:11:28,Kohei Otsuka,他宗場 如意輪観音名号,,"179",./mid_thumbs/1384/tachiba_nyoirin_myogo.jpg,./small_thumbs/1384/tachiba_nyoirin_myogo.jpg
"1384",./images/1384/tachiba_nyoirin_myogo_back.jpg,2020/09/20 14:12:16,Kohei Otsuka,他宗場 如意輪観音名号 背面,,"180",./mid_thumbs/1384/tachiba_nyoirin_myogo_back.jpg,./small_thumbs/1384/tachiba_nyoirin_myogo_back.jpg
"1384",./images/1384/tachiba_nyoirin_myogo_base_left.jpg,2020/09/20 14:12:37,Kohei Otsuka,他宗場 如意輪観音名号 台座右方,,"181",./mid_thumbs/1384/tachiba_nyoirin_myogo_base_left.jpg,./small_thumbs/1384/tachiba_nyoirin_myogo_base_left.jpg
"1384",./images/1384/tachiba_nyoirin_myogo_base_right.jpg,2020/09/20 14:12:51,Kohei Otsuka,他宗場 如意輪観音名号 台座左方,,"182",./mid_thumbs/1384/tachiba_nyoirin_myogo_base_right.jpg,./small_thumbs/1384/tachiba_nyoirin_myogo_base_right.jpg
"1378",./images/1378/tachiba_dewa3zan.jpg,2020/09/20 14:06:45,Kohei Otsuka,他宗場 出羽三山供養塔,,"183",./mid_thumbs/1378/tachiba_dewa3zan.jpg,./small_thumbs/1378/tachiba_dewa3zan.jpg
"1378",./images/1378/tachiba_dewa3zan_back.jpg,2020/09/20 14:07:15,Kohei Otsuka,他宗場 出羽三山供養塔,,"184",./mid_thumbs/1378/tachiba_dewa3zan_back.jpg,./small_thumbs/1378/tachiba_dewa3zan_back.jpg
"1203",./images/1203/tachiba_shotoku4_jizo.jpg,2020/09/20 14:11:22,Kohei Otsuka,他宗場 正徳4年地蔵,,"185",./mid_thumbs/1203/tachiba_shotoku4_jizo.jpg,./small_thumbs/1203/tachiba_shotoku4_jizo.jpg
"1203",./images/1203/tachiba_shotoku4_jizo_back.jpg,2020/09/20 14:12:12,Kohei Otsuka,他宗場 正徳4年地蔵 背面,,"186",./mid_thumbs/1203/tachiba_shotoku4_jizo_back.jpg,./small_thumbs/1203/tachiba_shotoku4_jizo_back.jpg
"1204",./images/1204/tachiba_shotoku5_jizo.jpg,2020/09/20 14:11:16,Kohei Otsuka,他宗場 正徳5年地蔵,,"187",./mid_thumbs/1204/tachiba_shotoku5_jizo.jpg,./small_thumbs/1204/tachiba_shotoku5_jizo.jpg
"1204",./images/1204/tachiba_shotoku5_jizo_back.jpg,2020/09/20 14:12:08,Kohei Otsuka,他宗場 正徳5年地蔵 背面,,"188",./mid_thumbs/1204/tachiba_shotoku5_jizo_back.jpg,./small_thumbs/1204/tachiba_shotoku5_jizo_back.jpg
"1205",./images/1205/tachiba_baby_jizo.jpg,2020/09/20 14:20:31,Kohei Otsuka,他宗場 子抱き地蔵,,"189",./mid_thumbs/1205/tachiba_baby_jizo.jpg,./small_thumbs/1205/tachiba_baby_jizo.jpg
"1205",./images/1205/tachiba_baby_jizo_left.jpg,2020/09/20 14:20:47,Kohei Otsuka,他宗場 子抱き地蔵 左方,,"190",./mid_thumbs/1205/tachiba_baby_jizo_left.jpg,./small_thumbs/1205/tachiba_baby_jizo_left.jpg
"1205",./images/1205/tachiba_baby_jizo_right.jpg,2020/09/20 14:20:39,Kohei Otsuka,他宗場 子抱き地蔵 右方,,"191",./mid_thumbs/1205/tachiba_baby_jizo_right.jpg,./small_thumbs/1205/tachiba_baby_jizo_right.jpg
"1248",./images/1248/tachiba_triangle_koshin.jpg,2020/09/20 14:03:17,Kohei Otsuka,他宗場の三角形庚申,,"192",./mid_thumbs/1248/tachiba_triangle_koshin.jpg,./small_thumbs/1248/tachiba_triangle_koshin.jpg
"1249",./images/1249/tachiba_pillar_koshin.jpg,2020/09/20 14:03:20,Kohei Otsuka,他宗場 柱型庚申,,"193",./mid_thumbs/1249/tachiba_pillar_koshin.jpg,./small_thumbs/1249/tachiba_pillar_koshin.jpg
"1250",./images/1250/tachiba_tricolumn_koshin.jpg,2020/09/20 13:48:54,Kohei Otsuka,他宗場の三角柱庚申,,"194",./mid_thumbs/1250/tachiba_tricolumn_koshin.jpg,./small_thumbs/1250/tachiba_tricolumn_koshin.jpg
"1250",./images/1250/tachiba_tricolumn_koshin_side.jpg,2020/09/20 13:49:12,Kohei Otsuka,他宗場の三角柱庚申 側面,,"195",./mid_thumbs/1250/tachiba_tricolumn_koshin_side.jpg,./small_thumbs/1250/tachiba_tricolumn_koshin_side.jpg
"1251",./images/1251/tachiba_sword_koshin.jpg,2020/09/20 13:52:52,Kohei Otsuka,他宗場の剣型庚申,,"196",./mid_thumbs/1251/tachiba_sword_koshin.jpg,./small_thumbs/1251/tachiba_sword_koshin.jpg
"1251",./images/1251/tachiba_sword_koshin_side.jpg,2020/09/20 13:53:13,Kohei Otsuka,他宗場の剣型庚申 側面,,"197",./mid_thumbs/1251/tachiba_sword_koshin_side.jpg,./small_thumbs/1251/tachiba_sword_koshin_side.jpg
"1293",./images/1293/tachiba_bato.jpg,2020/09/20 14:25:26,Kohei Otsuka,他宗場 馬頭観世音,,"198",./mid_thumbs/1293/tachiba_bato.jpg,./small_thumbs/1293/tachiba_bato.jpg
"1247",./images/1247/shimoshigara_koshin.jpg,2021/02/02 16:57:10,Kohei Otsuka,下志柄の庚申,,"199",./mid_thumbs/1247/shimoshigara_koshin.jpg,./small_thumbs/1247/shimoshigara_koshin.jpg
"1247",./images/1247/shimoshigara_koshin_back.jpg,2021/02/02 16:57:16,Kohei Otsuka,下志柄の庚申 背面,,"200",./mid_thumbs/1247/shimoshigara_koshin_back.jpg,./small_thumbs/1247/shimoshigara_koshin_back.jpg
"1246",./images/1246/obukuro_seimen_kongo_back.jpg,2020/07/11 15:52:50,Kohei Otsuka,大袋の自然石青面金剛 (背面),,"201",./mid_thumbs/1246/obukuro_seimen_kongo_back.jpg,./small_thumbs/1246/obukuro_seimen_kongo_back.jpg
"1246",./images/1246/obukuro_seimen_kongo.jpg,2021/02/02 10:35:56,Kohei Otsuka,大袋の自然石青面金剛,,"202",./mid_thumbs/1246/obukuro_seimen_kongo.jpg,./small_thumbs/1246/obukuro_seimen_kongo.jpg
"1197",./images/1197/obukuro_jizo.jpg,2020/07/11 15:33:48,Kohei Otsuka,大袋の地蔵菩薩,,"203",./mid_thumbs/1197/obukuro_jizo.jpg,./small_thumbs/1197/obukuro_jizo.jpg
"1197",./images/1197/obukuro_jizo_back.jpg,2020/07/11 15:34:24,Kohei Otsuka,大袋の地蔵菩薩 背面,,"204",./mid_thumbs/1197/obukuro_jizo_back.jpg,./small_thumbs/1197/obukuro_jizo_back.jpg
"1197",./images/1197/obukuro_koshin_jizo.jpg,2020/07/11 15:38:15,Kohei Otsuka,大袋の地蔵菩薩と青面金剛,,"205",./mid_thumbs/1197/obukuro_koshin_jizo.jpg,./small_thumbs/1197/obukuro_koshin_jizo.jpg
"1292",./images/1292/fujitake_bato.jpg,2020/09/20 13:37:17,Kohei Otsuka,富士嶽神社 馬頭観世音,,"206",./mid_thumbs/1292/fujitake_bato.jpg,./small_thumbs/1292/fujitake_bato.jpg
"1292",./images/1292/fujitake_bato_side.jpg,2020/09/20 13:38:27,Kohei Otsuka,富士嶽神社 馬頭観世音 側面,,"207",./mid_thumbs/1292/fujitake_bato_side.jpg,./small_thumbs/1292/fujitake_bato_side.jpg
"1195",./images/1195/fujitake_jinja_jizo_nohead1.jpg,2020/09/20 13:38:48,Kohei Otsuka,富士嶽神社の首なし地蔵,,"208",./mid_thumbs/1195/fujitake_jinja_jizo_nohead1.jpg,./small_thumbs/1195/fujitake_jinja_jizo_nohead1.jpg
"1195",./images/1195/fujitake_jinja_jizo_nohead2.jpg,2020/09/20 13:38:44,Kohei Otsuka,富士嶽神社の首なし地蔵,,"209",./mid_thumbs/1195/fujitake_jinja_jizo_nohead2.jpg,./small_thumbs/1195/fujitake_jinja_jizo_nohead2.jpg
"1196",./images/1196/fujitake_jizo_no_head.jpg,2021/02/02 11:09:47,Kohei Otsuka,富士山 富士嶽神社の地蔵菩薩? 木に寄りかかっており頭が失われている,,"210",./mid_thumbs/1196/fujitake_jizo_no_head.jpg,./small_thumbs/1196/fujitake_jizo_no_head.jpg
"1238",./images/1238/fujitake_shrine_koshin.jpg,2021/02/02 11:11:51,Kohei Otsuka,富士山 富士嶽神社 庚申塔,,"211",./mid_thumbs/1238/fujitake_shrine_koshin.jpg,./small_thumbs/1238/fujitake_shrine_koshin.jpg
"1239",./images/1239/fujitake_1zaru_seimen_1.jpg,2021/02/02 10:59:02,Kohei Otsuka,富士山 富士嶽神社 一猿と青面金剛、藪の中に倒壊していた,,"212",./mid_thumbs/1239/fujitake_1zaru_seimen_1.jpg,./small_thumbs/1239/fujitake_1zaru_seimen_1.jpg
"1239",./images/1239/fujitake_1zaru_seimen_2.jpg,2021/02/02 11:06:39,Kohei Otsuka,富士山 富士嶽神社 一猿と青面金剛、藪の中に倒壊していた,,"213",./mid_thumbs/1239/fujitake_1zaru_seimen_2.jpg,./small_thumbs/1239/fujitake_1zaru_seimen_2.jpg
"1239",./images/1239/fujitake_1zaru_seimen_3.jpg,2021/02/02 11:06:53,Kohei Otsuka,富士山 富士嶽神社 一猿と青面金剛、藪の中に倒壊していた,,"214",./mid_thumbs/1239/fujitake_1zaru_seimen_3.jpg,./small_thumbs/1239/fujitake_1zaru_seimen_3.jpg
"1327",./images/1327/fujitake_23ya.jpg,2018/08/04 14:09:03,Kohei Otsuka,富士嶽神社 二十三夜,,"215",./mid_thumbs/1327/fujitake_23ya.jpg,./small_thumbs/1327/fujitake_23ya.jpg
"1327",./images/1327/fujitake_23ya_2021.jpg,2021/02/02 11:00:40,Kohei Otsuka,富士山 富士嶽神社 二十三夜,,"216",./mid_thumbs/1327/fujitake_23ya_2021.jpg,./small_thumbs/1327/fujitake_23ya_2021.jpg
"1318",./images/1318/fujitake_19ya.jpg,2020/09/20 13:39:18,Kohei Otsuka,富士嶽神社 十九夜,,"217",./mid_thumbs/1318/fujitake_19ya.jpg,./small_thumbs/1318/fujitake_19ya.jpg
"1318",./images/1318/fujitake_19ya_base_left.jpg,2020/09/20 13:39:29,Kohei Otsuka,富士嶽神社 十九夜 台座左側,,"218",./mid_thumbs/1318/fujitake_19ya_base_left.jpg,./small_thumbs/1318/fujitake_19ya_base_left.jpg
"1318",./images/1318/fujitake_19ya_base_right.jpg,2020/09/20 13:39:36,Kohei Otsuka,富士嶽神社 十九夜 台座右側,,"219",./mid_thumbs/1318/fujitake_19ya_base_right.jpg,./small_thumbs/1318/fujitake_19ya_base_right.jpg
"1240",./images/1240/sakamura_sarutahiko.jpg,2020/07/11 16:02:59,Kohei Otsuka,坂村家の猿田彦大神 (遠景),,"220",./mid_thumbs/1240/sakamura_sarutahiko.jpg,./small_thumbs/1240/sakamura_sarutahiko.jpg
"1240",./images/1240/sakamura_sarutahiko_zoom.jpg,2020/07/11 16:02:34,Kohei Otsuka,坂村家の猿田彦大神,,"221",./mid_thumbs/1240/sakamura_sarutahiko_zoom.jpg,./small_thumbs/1240/sakamura_sarutahiko_zoom.jpg
"1241",./images/1241/tamura_sarutahiko.jpg,2020/07/11 16:05:02,Kohei Otsuka,田村家の猿田彦大神 (遠景),,"222",./mid_thumbs/1241/tamura_sarutahiko.jpg,./small_thumbs/1241/tamura_sarutahiko.jpg
"1241",./images/1241/tamura_sarutahiko_side.jpg,2020/07/11 16:04:55,Kohei Otsuka,田村家の猿田彦大神 (側面),,"223",./mid_thumbs/1241/tamura_sarutahiko_side.jpg,./small_thumbs/1241/tamura_sarutahiko_side.jpg
"1241",./images/1241/tamura_sarutahiko_zoom.jpg,2020/07/11 16:04:37,Kohei Otsuka,田村家の猿田彦大神,,"224",./mid_thumbs/1241/tamura_sarutahiko_zoom.jpg,./small_thumbs/1241/tamura_sarutahiko_zoom.jpg
"1242",./images/1242/kano_satahiko_bato.jpg,2020/07/11 16:17:29,Kohei Otsuka,狩野家の佐田彦大神 馬頭観世音,,"225",./mid_thumbs/1242/kano_satahiko_bato.jpg,./small_thumbs/1242/kano_satahiko_bato.jpg
"1242",./images/1242/kano_satahiko_zoom.jpg,2020/07/11 16:17:18,Kohei Otsuka,狩野家の佐田彦大神,,"226",./mid_thumbs/1242/kano_satahiko_zoom.jpg,./small_thumbs/1242/kano_satahiko_zoom.jpg
"1243",./images/1243/mogi_koshin.jpg,2020/07/11 16:13:18,Kohei Otsuka,茂木家の庚申 (遠景),,"227",./mid_thumbs/1243/mogi_koshin.jpg,./small_thumbs/1243/mogi_koshin.jpg
"1243",./images/1243/mogi_koshin_zoom.jpg,2020/07/11 16:13:12,Kohei Otsuka,茂木家の庚申,,"228",./mid_thumbs/1243/mogi_koshin_zoom.jpg,./small_thumbs/1243/mogi_koshin_zoom.jpg
"1287",./images/1287/fujiyama_sakamura_bato.jpg,2020/09/20 13:28:19,Kohei Otsuka,富士山 坂村家の馬頭観世音,,"229",./mid_thumbs/1287/fujiyama_sakamura_bato.jpg,./small_thumbs/1287/fujiyama_sakamura_bato.jpg
"1245",./images/1245/obukuro_koshin_jizo.jpg,2020/07/11 15:38:15,Kohei Otsuka,大袋の地蔵菩薩と青面金剛,,"230",./mid_thumbs/1245/obukuro_koshin_jizo.jpg,./small_thumbs/1245/obukuro_koshin_jizo.jpg
"1245",./images/1245/obukuro_sanzaru_koshin_damaged.jpg,2020/07/11 15:38:15,Kohei Otsuka,大袋の青面金剛 (画像破損),,"231",./mid_thumbs/1245/obukuro_sanzaru_koshin_damaged.jpg,./small_thumbs/1245/obukuro_sanzaru_koshin_damaged.jpg
"1245",./images/1245/obukuro_koshin_new.jpg,2021/02/02 10:29:27,Kohei Otsuka,大袋の青面金剛,,"232",./mid_thumbs/1245/obukuro_koshin_new.jpg,./small_thumbs/1245/obukuro_koshin_new.jpg
"1211",./images/1211/fuchinokami_amida.jpg,2021/02/02 13:57:43,Kohei Otsuka,釈迦堂の阿弥陀如来,,"233",./mid_thumbs/1211/fuchinokami_amida.jpg,./small_thumbs/1211/fuchinokami_amida.jpg
"1212",./images/1212/fuchinokami_jizo_statue.jpg,2021/02/02 14:09:11,Kohei Otsuka,釈迦堂の地蔵菩薩,,"234",./mid_thumbs/1212/fuchinokami_jizo_statue.jpg,./small_thumbs/1212/fuchinokami_jizo_statue.jpg
"1213",./images/1213/fuchinokami_relief_jizo.jpg,2021/02/02 14:01:01,Kohei Otsuka,釈迦堂の地蔵菩薩,,"235",./mid_thumbs/1213/fuchinokami_relief_jizo.jpg,./small_thumbs/1213/fuchinokami_relief_jizo.jpg
"1264",./images/1264/shirahata_koshin.jpg,2021/02/02 15:04:42,Kohei Otsuka,白旗の庚申,,"236",./mid_thumbs/1264/shirahata_koshin.jpg,./small_thumbs/1264/shirahata_koshin.jpg
"1264",./images/1264/shirahata_koshin_back.jpg,2021/02/02 15:04:57,Kohei Otsuka,白旗の庚申 背面,,"237",./mid_thumbs/1264/shirahata_koshin_back.jpg,./small_thumbs/1264/shirahata_koshin_back.jpg
"1321",./images/1321/fuchinokami_19ya_short.jpg,2021/02/02 14:09:37,Kohei Otsuka,二世安楽の十九夜,,"238",./mid_thumbs/1321/fuchinokami_19ya_short.jpg,./small_thumbs/1321/fuchinokami_19ya_short.jpg
"1322",./images/1322/fuchinokami_19ya_tall.jpg,2021/02/02 14:09:17,Kohei Otsuka,渕上の十九夜,,"239",./mid_thumbs/1322/fuchinokami_19ya_tall.jpg,./small_thumbs/1322/fuchinokami_19ya_tall.jpg
"1322",./images/1322/fuchinokami_19ya_tall_basement.jpg,2021/02/02 14:09:31,Kohei Otsuka,渕上の十九夜 台座,,"240",./mid_thumbs/1322/fuchinokami_19ya_tall_basement.jpg,./small_thumbs/1322/fuchinokami_19ya_tall_basement.jpg
"1320",./images/1320/fuchinokami_19ya_stone.jpg,2021/02/02 14:12:04,Kohei Otsuka,自然石の十九夜,,"241",./mid_thumbs/1320/fuchinokami_19ya_stone.jpg,./small_thumbs/1320/fuchinokami_19ya_stone.jpg
"1259",./images/1259/fuchinokami_zo_koshin.jpg,2021/02/02 14:09:03,Kohei Otsuka,釈迦堂の像庚申,,"242",./mid_thumbs/1259/fuchinokami_zo_koshin.jpg,./small_thumbs/1259/fuchinokami_zo_koshin.jpg
"1260",./images/1260/fuchinokami_zo_koshin_noera.jpg,2021/02/02 14:09:07,Kohei Otsuka,釈迦堂の年代不明の像庚申,,"243",./mid_thumbs/1260/fuchinokami_zo_koshin_noera.jpg,./small_thumbs/1260/fuchinokami_zo_koshin_noera.jpg
"1261",./images/1261/fuchinokami_kanpo_koshin.jpg,2021/02/02 14:08:53,Kohei Otsuka,釈迦堂の寛保庚申,,"244",./mid_thumbs/1261/fuchinokami_kanpo_koshin.jpg,./small_thumbs/1261/fuchinokami_kanpo_koshin.jpg
"1262",./images/1262/fuchinokami_seimen_kongo_moji.jpg,2021/02/02 14:08:47,Kohei Otsuka,釈迦堂の青面金剛,,"245",./mid_thumbs/1262/fuchinokami_seimen_kongo_moji.jpg,./small_thumbs/1262/fuchinokami_seimen_kongo_moji.jpg
"1263",./images/1263/nagatake_stone_koshin.jpg,2021/02/02 14:58:40,Kohei Otsuka,長竹の自然石庚申,,"246",./mid_thumbs/1263/nagatake_stone_koshin.jpg,./small_thumbs/1263/nagatake_stone_koshin.jpg
"1263",./images/1263/nagatake_stone_koshin_2.jpg,2021/02/02 14:59:22,Kohei Otsuka,長竹の自然石庚申,,"247",./mid_thumbs/1263/nagatake_stone_koshin_2.jpg,./small_thumbs/1263/nagatake_stone_koshin_2.jpg
"1310",./images/1310/tamura_bato.jpg,2021/02/02 14:50:24,Kohei Otsuka,田村家の馬頭観世音,,"248",./mid_thumbs/1310/tamura_bato.jpg,./small_thumbs/1310/tamura_bato.jpg
"1310",./images/1310/tamura_bato_side.jpg,2021/02/02 14:50:33,Kohei Otsuka,田村家の馬頭観世音 側面,,"249",./mid_thumbs/1310/tamura_bato_side.jpg,./small_thumbs/1310/tamura_bato_side.jpg
"1324",./images/1324/nagatake_19ya.jpg,2021/02/02 14:54:41,Kohei Otsuka,長竹の十九夜,,"250",./mid_thumbs/1324/nagatake_19ya.jpg,./small_thumbs/1324/nagatake_19ya.jpg
"1199",./images/1199/doyashiki_amida_2.jpg,2021/02/02 12:15:22,Kohei Otsuka,堂屋敷の阿弥陀如来,,"251",./mid_thumbs/1199/doyashiki_amida_2.jpg,./small_thumbs/1199/doyashiki_amida_2.jpg
"1200",./images/1200/doyashiki_amida_1.jpg,2021/02/02 12:14:41,Kohei Otsuka,堂屋敷の阿弥陀如来,,"252",./mid_thumbs/1200/doyashiki_amida_1.jpg,./small_thumbs/1200/doyashiki_amida_1.jpg
"1201",./images/1201/doyashiki_tomb_jizo.jpg,2021/02/02 12:12:16,Kohei Otsuka,堂屋敷の地蔵菩薩,,"253",./mid_thumbs/1201/doyashiki_tomb_jizo.jpg,./small_thumbs/1201/doyashiki_tomb_jizo.jpg
"1202",./images/1202/doyashiki_6jizo.jpg,2021/02/02 12:12:50,Kohei Otsuka,堂屋敷の六地蔵菩薩,,"254",./mid_thumbs/1202/doyashiki_6jizo.jpg,./small_thumbs/1202/doyashiki_6jizo.jpg
"1202",./images/1202/doyashiki_6jizo_left.jpg,2021/02/02 12:13:04,Kohei Otsuka,堂屋敷の六地蔵菩薩 左側から,,"255",./mid_thumbs/1202/doyashiki_6jizo_left.jpg,./small_thumbs/1202/doyashiki_6jizo_left.jpg
"1202",./images/1202/doyashiki_6jizo_right.jpg,2021/02/02 12:12:56,Kohei Otsuka,堂屋敷の六地蔵菩薩 右側から,,"256",./mid_thumbs/1202/doyashiki_6jizo_right.jpg,./small_thumbs/1202/doyashiki_6jizo_right.jpg
"1255",./images/1255/nakajuku_3zaru.jpg,2021/02/02 11:55:56,Kohei Otsuka,中宿の三猿庚申,,"257",./mid_thumbs/1255/nakajuku_3zaru.jpg,./small_thumbs/1255/nakajuku_3zaru.jpg
"1307",./images/1307/shirahata_watanabe_bato.jpg,2021/02/02 15:13:59,Kohei Otsuka,渡辺家の馬頭観世音,,"258",./mid_thumbs/1307/shirahata_watanabe_bato.jpg,./small_thumbs/1307/shirahata_watanabe_bato.jpg
"1236",./images/1236/kamishigara_koshin.jpg,2020/09/20 17:22:04,Kohei Otsuka,上志柄元集会所東 三猿庚申,,"259",./mid_thumbs/1236/kamishigara_koshin.jpg,./small_thumbs/1236/kamishigara_koshin.jpg
"1236",./images/1236/kamishigara_koshin_left.jpg,2020/09/20 17:22:23,Kohei Otsuka,上志柄元集会所東 三猿庚申 左側,,"260",./mid_thumbs/1236/kamishigara_koshin_left.jpg,./small_thumbs/1236/kamishigara_koshin_left.jpg
"1236",./images/1236/kamishigara_koshin_right.jpg,2020/09/20 17:22:35,Kohei Otsuka,上志柄元集会所東 三猿庚申 右側,,"261",./mid_thumbs/1236/kamishigara_koshin_right.jpg,./small_thumbs/1236/kamishigara_koshin_right.jpg
"1208",./images/1208/machiya_jizo.jpg,2021/02/02 15:30:02,Kohei Otsuka,町谷の地蔵菩薩,,"262",./mid_thumbs/1208/machiya_jizo.jpg,./small_thumbs/1208/machiya_jizo.jpg
"1190",./images/1190/fusaiji_oldest_jizo.jpg,2020/08/22 14:01:35,Kohei Otsuka,普済寺 赤生田地域最古の地蔵,,"263",./mid_thumbs/1190/fusaiji_oldest_jizo.jpg,./small_thumbs/1190/fusaiji_oldest_jizo.jpg
"1190",./images/1190/fusaiji_oldest_jizo_back.jpg,2020/08/22 14:01:45,Kohei Otsuka,普済寺 赤生田地域最古の地蔵 背後,,"264",./mid_thumbs/1190/fusaiji_oldest_jizo_back.jpg,./small_thumbs/1190/fusaiji_oldest_jizo_back.jpg
"1191",./images/1191/fusaiji_kanen_jizo.jpg,2020/08/22 14:02:48,Kohei Otsuka,普済寺 寛延期 地蔵,,"265",./mid_thumbs/1191/fusaiji_kanen_jizo.jpg,./small_thumbs/1191/fusaiji_kanen_jizo.jpg
"1191",./images/1191/fusaiji_kanen_jizo_back.jpg,2020/08/22 14:03:00,Kohei Otsuka,普済寺 寛延期 地蔵 背後,,"266",./mid_thumbs/1191/fusaiji_kanen_jizo_back.jpg,./small_thumbs/1191/fusaiji_kanen_jizo_back.jpg
"1191",./images/1191/fusaiji_kanen_jizo_base.jpg,2020/08/22 14:05:23,Kohei Otsuka,普済寺 寛延期 地蔵 台座拡大,,"267",./mid_thumbs/1191/fusaiji_kanen_jizo_base.jpg,./small_thumbs/1191/fusaiji_kanen_jizo_base.jpg
"1191",./images/1191/fusaiji_kanen_jizo_base_left.jpg,2020/08/22 14:05:05,Kohei Otsuka,普済寺 寛延期 地蔵 台座左側,,"268",./mid_thumbs/1191/fusaiji_kanen_jizo_base_left.jpg,./small_thumbs/1191/fusaiji_kanen_jizo_base_left.jpg
"1191",./images/1191/fusaiji_kanen_jizo_base_right.jpg,2020/08/22 14:05:13,Kohei Otsuka,普済寺 寛延期 地蔵 台座右側,,"269",./mid_thumbs/1191/fusaiji_kanen_jizo_base_right.jpg,./small_thumbs/1191/fusaiji_kanen_jizo_base_right.jpg
"1192",./images/1192/fusaiji_jizo_kuriharashi.jpg,2020/08/22 13:44:00,Kohei Otsuka,普済寺の地蔵、宝暦十四年,,"270",./mid_thumbs/1192/fusaiji_jizo_kuriharashi.jpg,./small_thumbs/1192/fusaiji_jizo_kuriharashi.jpg
"1192",./images/1192/fusaiji_jizo_kuriharashi_up.jpg,2020/08/22 13:38:48,Kohei Otsuka,普済寺の地蔵、宝暦十四年 栗原氏の刻銘,,"271",./mid_thumbs/1192/fusaiji_jizo_kuriharashi_up.jpg,./small_thumbs/1192/fusaiji_jizo_kuriharashi_up.jpg
"1192",./images/1192/fusaiji_jizo_kuriharashi_side.jpg,2020/08/22 13:39:06,Kohei Otsuka,普済寺の地蔵、宝暦十四年 横面から,,"272",./mid_thumbs/1192/fusaiji_jizo_kuriharashi_side.jpg,./small_thumbs/1192/fusaiji_jizo_kuriharashi_side.jpg
"1193",./images/1193/fusaiji_tenmei_jizo.jpg,2020/08/22 14:05:32,Kohei Otsuka,普済寺 天明期 地蔵,,"273",./mid_thumbs/1193/fusaiji_tenmei_jizo.jpg,./small_thumbs/1193/fusaiji_tenmei_jizo.jpg
"1193",./images/1193/fusaiji_tenmei_jizo_back.jpg,2020/08/22 14:05:48,Kohei Otsuka,普済寺 天明期 地蔵 背後,,"274",./mid_thumbs/1193/fusaiji_tenmei_jizo_back.jpg,./small_thumbs/1193/fusaiji_tenmei_jizo_back.jpg
"1193",./images/1193/fusaiji_tenmei_jizo_base.jpg,2020/08/22 14:05:37,Kohei Otsuka,普済寺 天明期 地蔵 台座拡大,,"275",./mid_thumbs/1193/fusaiji_tenmei_jizo_base.jpg,./small_thumbs/1193/fusaiji_tenmei_jizo_base.jpg
"1194",./images/1194/fusaiji_jizo_sankaibanrei.jpg,2020/08/22 13:42:19,Kohei Otsuka,普済寺 三界万霊塔上の地蔵,,"276",./mid_thumbs/1194/fusaiji_jizo_sankaibanrei.jpg,./small_thumbs/1194/fusaiji_jizo_sankaibanrei.jpg
"1316",./images/1316/fusaiji_19ya.jpg,2020/08/22 13:31:42,Kohei Otsuka,普済寺 昭和の十九夜,,"277",./mid_thumbs/1316/fusaiji_19ya.jpg,./small_thumbs/1316/fusaiji_19ya.jpg
"1316",./images/1316/fusaiji_19ya_base.jpg,2020/08/22 13:32:16,Kohei Otsuka,普済寺 昭和の十九夜 台座,,"278",./mid_thumbs/1316/fusaiji_19ya_base.jpg,./small_thumbs/1316/fusaiji_19ya_base.jpg
"1226",./images/1226/matsumoto_koshin.jpg,2020/09/20 14:47:06,Kohei Otsuka,松本家 庚申塔,,"279",./mid_thumbs/1226/matsumoto_koshin.jpg,./small_thumbs/1226/matsumoto_koshin.jpg
"1295",./images/1295/kamishinden_bato.jpg,2021/02/02 11:31:37,Kohei Otsuka,石井家の馬頭観世音,,"280",./mid_thumbs/1295/kamishinden_bato.jpg,./small_thumbs/1295/kamishinden_bato.jpg
"1273",./images/1273/maybe_tabei_bato.jpg,2021/02/02 17:06:18,Kohei Otsuka,田部井家の馬頭観世音か?,,"281",./mid_thumbs/1273/maybe_tabei_bato.jpg,./small_thumbs/1273/maybe_tabei_bato.jpg
"1273",./images/1273/maybe_tabei_bato_2.jpg,2021/02/02 17:06:23,Kohei Otsuka,田部井家の馬頭観世音か?,,"282",./mid_thumbs/1273/maybe_tabei_bato_2.jpg,./small_thumbs/1273/maybe_tabei_bato_2.jpg
"1319",./images/1319/machiya_19ya.jpg,2021/02/02 15:30:06,Kohei Otsuka,羽附町谷の十九夜,,"283",./mid_thumbs/1319/machiya_19ya.jpg,./small_thumbs/1319/machiya_19ya.jpg
"1810",./images/1810/fuchinokami_6jizo.jpg,2021/02/02 14:01:33,Kohei Otsuka,釈迦堂の六地蔵菩薩,,"284",./mid_thumbs/1810/fuchinokami_6jizo.jpg,./small_thumbs/1810/fuchinokami_6jizo.jpg
"1810",./images/1810/fuchinokami_6jizo_left_1.jpg,2021/02/02 14:01:43,Kohei Otsuka,釈迦堂の六地蔵菩薩 左前方より,,"285",./mid_thumbs/1810/fuchinokami_6jizo_left_1.jpg,./small_thumbs/1810/fuchinokami_6jizo_left_1.jpg
"1810",./images/1810/fuchinokami_6jizo_left_2.jpg,2021/02/02 14:01:50,Kohei Otsuka,釈迦堂の六地蔵菩薩 左より,,"286",./mid_thumbs/1810/fuchinokami_6jizo_left_2.jpg,./small_thumbs/1810/fuchinokami_6jizo_left_2.jpg
"1810",./images/1810/fuchinokami_6jizo_right_1.jpg,2021/02/02 14:01:36,Kohei Otsuka,釈迦堂の六地蔵菩薩 右前方より,,"287",./mid_thumbs/1810/fuchinokami_6jizo_right_1.jpg,./small_thumbs/1810/fuchinokami_6jizo_right_1.jpg
"1810",./images/1810/fuchinokami_6jizo_right_2.jpg,2021/02/02 14:01:59,Kohei Otsuka,釈迦堂の六地蔵菩薩 右より,,"288",./mid_thumbs/1810/fuchinokami_6jizo_right_2.jpg,./small_thumbs/1810/fuchinokami_6jizo_right_2.jpg
"1317",./images/1811/fusaiji_nyoirin.jpg,2020/08/22 14:06:30,Kohei Otsuka,上志柄十九夜,,"289",./mid_thumbs/1811/fusaiji_nyoirin.jpg,./small_thumbs/1811/fusaiji_nyoirin.jpg
"1317",./images/1811/fusaiji_nyoirin_back.jpg,2020/08/22 14:06:44,Kohei Otsuka,上志柄十九夜 背後,,"290",./mid_thumbs/1811/fusaiji_nyoirin_back.jpg,./small_thumbs/1811/fusaiji_nyoirin_back.jpg
"1317",./images/1811/fusaiji_nyoirin_base.jpg,2020/08/22 14:06:34,Kohei Otsuka,上志柄十九夜 台座拡大,,"291",./mid_thumbs/1811/fusaiji_nyoirin_base.jpg,./small_thumbs/1811/fusaiji_nyoirin_base.jpg
"1812",./images/1812/kamishigara_sarutahiko.jpg,2020/08/22 14:47:28,Kohei Otsuka,上志柄 猿田彦大神,,"292",./mid_thumbs/1812/kamishigara_sarutahiko.jpg,./small_thumbs/1812/kamishigara_sarutahiko.jpg
"1812",./images/1812/kamishigara_sarutahiko_back.jpg,2020/08/22 14:51:09,Kohei Otsuka,上志柄 猿田彦大神 背面,,"293",./mid_thumbs/1812/kamishigara_sarutahiko_back.jpg,./small_thumbs/1812/kamishigara_sarutahiko_back.jpg
"1813",./images/1813/koka3_jizo.jpg,2020/08/22 16:36:23,Kohei Otsuka,弘化3年 上宿天満宮脇の地蔵,,"294",./mid_thumbs/1813/koka3_jizo.jpg,./small_thumbs/1813/koka3_jizo.jpg
"1813",./images/1813/koka3_jizo_left.jpg,2020/08/22 16:37:25,Kohei Otsuka,弘化3年 上宿天満宮脇の地蔵 左側,,"295",./mid_thumbs/1813/koka3_jizo_left.jpg,./small_thumbs/1813/koka3_jizo_left.jpg
"1813",./images/1813/koka3_jizo_right.jpg,2020/08/22 16:36:59,Kohei Otsuka,弘化3年 上宿天満宮脇の地蔵 右側,,"296",./mid_thumbs/1813/koka3_jizo_right.jpg,./small_thumbs/1813/koka3_jizo_right.jpg
"1814",./images/1814/jokyo2_seimen.jpg,2020/08/22 16:37:52,Kohei Otsuka,貞享2年 上志柄上宿天満宮脇の青面金剛,,"297",./mid_thumbs/1814/jokyo2_seimen.jpg,./small_thumbs/1814/jokyo2_seimen.jpg
"1814",./images/1814/jokyo2_seimen_back.jpg,2020/08/22 16:38:28,Kohei Otsuka,貞享2年 上志柄上宿天満宮脇の青面金剛 背面,,"298",./mid_thumbs/1814/jokyo2_seimen_back.jpg,./small_thumbs/1814/jokyo2_seimen_back.jpg
"1814",./images/1814/jokyo2_seimen_lefttop.jpg,2020/08/22 16:38:15,Kohei Otsuka,貞享2年 上志柄上宿天満宮脇の青面金剛 左の刻銘,,"299",./mid_thumbs/1814/jokyo2_seimen_lefttop.jpg,./small_thumbs/1814/jokyo2_seimen_lefttop.jpg
"1814",./images/1814/jokyo2_seimen_righttop.jpg,2020/08/22 16:38:06,Kohei Otsuka,貞享2年 上志柄上宿天満宮脇の青面金剛 右の刻銘,,"300",./mid_thumbs/1814/jokyo2_seimen_righttop.jpg,./small_thumbs/1814/jokyo2_seimen_righttop.jpg
"1815",./images/1815/tachiba_kansei7_jizo.jpg,2020/09/20 14:20:59,Kohei Otsuka,他宗場 寛政7年地蔵,,"301",./mid_thumbs/1815/tachiba_kansei7_jizo.jpg,./small_thumbs/1815/tachiba_kansei7_jizo.jpg
"1816",./images/1816/nakashinden_new_bato.jpg,2020/09/20 16:16:59,Kohei Otsuka,中新田入口 馬頭観世音,,"302",./mid_thumbs/1816/nakashinden_new_bato.jpg,./small_thumbs/1816/nakashinden_new_bato.jpg
"1816",./images/1816/nakashinden_new_bato_side.jpg,2020/09/20 16:17:51,Kohei Otsuka,中新田入口 馬頭観世音 側面,,"303",./mid_thumbs/1816/nakashinden_new_bato_side.jpg,./small_thumbs/1816/nakashinden_new_bato_side.jpg
"1817",./images/1817/nakajuku_jizo.jpg,2021/02/02 11:40:43,Kohei Otsuka,中宿?の地蔵菩薩,,"304",./mid_thumbs/1817/nakajuku_jizo.jpg,./small_thumbs/1817/nakajuku_jizo.jpg
"1817",./images/1817/nakajuku_nyoirin_jizo.jpg,2021/02/02 11:40:35,Kohei Otsuka,中宿?の如意輪観音?と地蔵菩薩,,"305",./mid_thumbs/1817/nakajuku_nyoirin_jizo.jpg,./small_thumbs/1817/nakajuku_nyoirin_jizo.jpg
"1818",./images/1818/nakajuku_nyoirin.jpg,2021/02/02 11:40:39,Kohei Otsuka,中宿?の如意輪観音?,,"306",./mid_thumbs/1818/nakajuku_nyoirin.jpg,./small_thumbs/1818/nakajuku_nyoirin.jpg
"1818",./images/1818/nakajuku_nyoirin_jizo.jpg,2021/02/02 11:40:35,Kohei Otsuka,中宿?の如意輪観音?と地蔵菩薩,,"307",./mid_thumbs/1818/nakajuku_nyoirin_jizo.jpg,./small_thumbs/1818/nakajuku_nyoirin_jizo.jpg
"1819",./images/1819/nakajuku_some_buddha.jpg,2021/02/02 11:50:33,Kohei Otsuka,中宿?の舟型背面浮彫仏像 (阿弥陀?),,"308",./mid_thumbs/1819/nakajuku_some_buddha.jpg,./small_thumbs/1819/nakajuku_some_buddha.jpg
"1820",./images/1820/honjuku_koshin.jpg,2021/02/02 12:20:09,Kohei Otsuka,本宿?の庚申塔,,"309",./mid_thumbs/1820/honjuku_koshin.jpg,./small_thumbs/1820/honjuku_koshin.jpg
"1821",./images/1821/aoki_sarutahiko.jpg,2021/02/02 14:46:36,Kohei Otsuka,青木家の猿田彦大神,,"310",./mid_thumbs/1821/aoki_sarutahiko.jpg,./small_thumbs/1821/aoki_sarutahiko.jpg
"1821",./images/1821/aoki_sarutahiko_side.jpg,2021/02/02 14:46:47,Kohei Otsuka,青木家の猿田彦大神 側面,,"311",./mid_thumbs/1821/aoki_sarutahiko_side.jpg,./small_thumbs/1821/aoki_sarutahiko_side.jpg
"1822",./images/1822/jinya_bato.jpg,2021/02/02 16:35:44,Kohei Otsuka,陣谷の馬頭観世音,,"312",./mid_thumbs/1822/jinya_bato.jpg,./small_thumbs/1822/jinya_bato.jpg
"1822",./images/1822/jinya_bato_side.jpg,2021/02/02 16:36:06,Kohei Otsuka,陣谷の馬頭観世音 側面,,"313",./mid_thumbs/1822/jinya_bato_side.jpg,./small_thumbs/1822/jinya_bato_side.jpg
"1823",./images/1823/handa_bato.jpg,2021/02/02 17:10:52,Kohei Otsuka,半田家の馬頭観世音,,"314",./mid_thumbs/1823/handa_bato.jpg,./small_thumbs/1823/handa_bato.jpg
"1823",./images/1823/handa_bato_side.jpg,2021/02/02 17:11:07,Kohei Otsuka,半田家の馬頭観世音 側面,,"315",./mid_thumbs/1823/handa_bato_side.jpg,./small_thumbs/1823/handa_bato_side.jpg
"554",./images/554/PXL_20210620_045039611.PORTRAIT.jpg,2021/06/20 13:50:39,Kohei Otsuka,雷光寺宥聖地蔵尊,,"316",./mid_thumbs/554/PXL_20210620_045039611.PORTRAIT.jpg,./small_thumbs/554/PXL_20210620_045039611.PORTRAIT.jpg
"562",./images/562/PXL_20210620_054716041.jpg,2021/06/20 14:47:16,Kohei Otsuka,雷光寺無銘地蔵尊,,"317",./mid_thumbs/562/PXL_20210620_054716041.jpg,./small_thumbs/562/PXL_20210620_054716041.jpg
"563",./images/563/PXL_20210620_054932532.jpg,2021/06/20 14:49:32,Kohei Otsuka,雷光寺無縁銅仏地蔵尊,,"318",./mid_thumbs/563/PXL_20210620_054932532.jpg,./small_thumbs/563/PXL_20210620_054932532.jpg
"563",./images/563/PXL_20210620_054947775.jpg,2021/06/20 14:49:47,Kohei Otsuka,雷光寺無縁銅仏地蔵尊,,"319",./mid_thumbs/563/PXL_20210620_054947775.jpg,./small_thumbs/563/PXL_20210620_054947775.jpg
"569",./images/569/PXL_20210620_045152033.PORTRAIT.jpg,2021/06/20 13:51:52,Kohei Otsuka,雷光寺寛延馬頭尊,,"320",./mid_thumbs/569/PXL_20210620_045152033.PORTRAIT.jpg,./small_thumbs/569/PXL_20210620_045152033.PORTRAIT.jpg
"572",./images/572/PXL_20210620_045158444.PORTRAIT.jpg,2021/06/20 13:51:58,Kohei Otsuka,雷光寺六忠馬頭尊,,"321",./mid_thumbs/572/PXL_20210620_045158444.PORTRAIT.jpg,./small_thumbs/572/PXL_20210620_045158444.PORTRAIT.jpg
"575",./images/575/PXL_20210620_045205117.PORTRAIT.jpg,2021/06/20 13:52:05,Kohei Otsuka,雷光寺清水や馬頭尊,,"322",./mid_thumbs/575/PXL_20210620_045205117.PORTRAIT.jpg,./small_thumbs/575/PXL_20210620_045205117.PORTRAIT.jpg
"626",./images/626/PXL_20210620_045210197.PORTRAIT.jpg,2021/06/20 13:52:10,Kohei Otsuka,雷光寺ひつじ馬頭尊,,"323",./mid_thumbs/626/PXL_20210620_045210197.PORTRAIT.jpg,./small_thumbs/626/PXL_20210620_045210197.PORTRAIT.jpg
"628",./images/628/PXL_20210620_045144252.PORTRAIT.jpg,2021/06/20 13:51:44,Kohei Otsuka,雷光寺如意輪観音,,"324",./mid_thumbs/628/PXL_20210620_045144252.PORTRAIT.jpg,./small_thumbs/628/PXL_20210620_045144252.PORTRAIT.jpg
"632",./images/632/PXL_20210620_054640184.MP.jpg,2021/06/20 14:46:40,Kohei Otsuka,雷光寺慶範二十二夜待供養尊,,"325",./mid_thumbs/632/PXL_20210620_054640184.MP.jpg,./small_thumbs/632/PXL_20210620_054640184.MP.jpg
"632",./images/632/PXL_20210620_054648143.jpg,2021/06/20 14:46:48,Kohei Otsuka,雷光寺慶範二十二夜待供養尊,,"326",./mid_thumbs/632/PXL_20210620_054648143.jpg,./small_thumbs/632/PXL_20210620_054648143.jpg
"636",./images/636/PXL_20210620_044725773.PORTRAIT.jpg,2021/06/20 13:47:25,Kohei Otsuka,雷電神社宝暦浮彫弁財天,,"327",./mid_thumbs/636/PXL_20210620_044725773.PORTRAIT.jpg,./small_thumbs/636/PXL_20210620_044725773.PORTRAIT.jpg
"640",./images/640/PXL_20210620_044700448.PORTRAIT.jpg,2021/06/20 13:47:00,Kohei Otsuka,雷電神社弘化丙午弁天,,"328",./mid_thumbs/640/PXL_20210620_044700448.PORTRAIT.jpg,./small_thumbs/640/PXL_20210620_044700448.PORTRAIT.jpg
"640",./images/640/PXL_20210620_052549454.jpg,2021/06/20 14:25:49,Kohei Otsuka,雷電神社弘化丙午弁天,,"329",./mid_thumbs/640/PXL_20210620_052549454.jpg,./small_thumbs/640/PXL_20210620_052549454.jpg
"642",./images/642/PXL_20210620_044708068.PORTRAIT.jpg,2021/06/20 13:47:08,Kohei Otsuka,雷電神社石川氏弁才天,,"330",./mid_thumbs/642/PXL_20210620_044708068.PORTRAIT.jpg,./small_thumbs/642/PXL_20210620_044708068.PORTRAIT.jpg
"643",./images/643/PXL_20210620_044704559.PORTRAIT.jpg,2021/06/20 13:47:04,Kohei Otsuka,雷電神社石祠型二氏弁才天,,"331",./mid_thumbs/643/PXL_20210620_044704559.PORTRAIT.jpg,./small_thumbs/643/PXL_20210620_044704559.PORTRAIT.jpg
"643",./images/643/PXL_20210620_052632813.jpg,2021/06/20 14:26:32,Kohei Otsuka,雷電神社石祠型二氏弁才天,,"332",./mid_thumbs/643/PXL_20210620_052632813.jpg,./small_thumbs/643/PXL_20210620_052632813.jpg
"643",./images/643/PXL_20210620_053119351.jpg,2021/06/20 14:31:19,Kohei Otsuka,雷電神社石祠型二氏弁才天,,"333",./mid_thumbs/643/PXL_20210620_053119351.jpg,./small_thumbs/643/PXL_20210620_053119351.jpg
"649",./images/649/PXL_20210620_081623748.jpg,2021/06/20 17:16:23,Kohei Otsuka,貞享三猿庚申,,"334",./mid_thumbs/649/PXL_20210620_081623748.jpg,./small_thumbs/649/PXL_20210620_081623748.jpg
"649",./images/649/PXL_20210620_081629945.MP.jpg,2021/06/20 17:16:29,Kohei Otsuka,貞享三猿庚申,,"335",./mid_thumbs/649/PXL_20210620_081629945.MP.jpg,./small_thumbs/649/PXL_20210620_081629945.MP.jpg
"651",./images/651/PXL_20210620_045135140.PORTRAIT.jpg,2021/06/20 13:51:35,Kohei Otsuka,雷光寺元禄庚申,,"336",./mid_thumbs/651/PXL_20210620_045135140.PORTRAIT.jpg,./small_thumbs/651/PXL_20210620_045135140.PORTRAIT.jpg
"656",./images/656/PXL_20210620_045129289.PORTRAIT.jpg,2021/06/20 13:51:29,Kohei Otsuka,雷光寺大青面金剛,,"337",./mid_thumbs/656/PXL_20210620_045129289.PORTRAIT.jpg,./small_thumbs/656/PXL_20210620_045129289.PORTRAIT.jpg
"668",./images/668/PXL_20210620_080515021.jpg,2021/06/20 17:05:15,Kohei Otsuka,松林堂舞木萬延庚申,,"338",./mid_thumbs/668/PXL_20210620_080515021.jpg,./small_thumbs/668/PXL_20210620_080515021.jpg
"668",./images/668/PXL_20210620_080507114.jpg,2021/06/20 17:05:07,Kohei Otsuka,松林堂舞木萬延庚申,,"339",./mid_thumbs/668/PXL_20210620_080507114.jpg,./small_thumbs/668/PXL_20210620_080507114.jpg
"677",./images/677/PXL_20210620_080327982.MP.jpg,2021/06/20 17:03:27,Kohei Otsuka,松林堂玉石庚申,,"340",./mid_thumbs/677/PXL_20210620_080327982.MP.jpg,./small_thumbs/677/PXL_20210620_080327982.MP.jpg
"677",./images/677/PXL_20210620_080522985.jpg,2021/06/20 17:05:22,Kohei Otsuka,松林堂玉石庚申,,"341",./mid_thumbs/677/PXL_20210620_080522985.jpg,./small_thumbs/677/PXL_20210620_080522985.jpg
"688",./images/688/PXL_20210620_080807583.MP.jpg,2021/06/20 17:08:07,Kohei Otsuka,松林堂明暦宝篋印塔,,"342",./mid_thumbs/688/PXL_20210620_080807583.MP.jpg,./small_thumbs/688/PXL_20210620_080807583.MP.jpg
"688",./images/688/PXL_20210620_080801529.jpg,2021/06/20 17:08:01,Kohei Otsuka,松林堂明暦宝篋印塔,,"343",./mid_thumbs/688/PXL_20210620_080801529.jpg,./small_thumbs/688/PXL_20210620_080801529.jpg
"689",./images/689/PXL_20210620_080723359.jpg,2021/06/20 17:07:23,Kohei Otsuka,松林堂寛文宝篋印塔,,"344",./mid_thumbs/689/PXL_20210620_080723359.jpg,./small_thumbs/689/PXL_20210620_080723359.jpg
"689",./images/689/PXL_20210620_080728360.jpg,2021/06/20 17:07:28,Kohei Otsuka,松林堂寛文宝篋印塔,,"345",./mid_thumbs/689/PXL_20210620_080728360.jpg,./small_thumbs/689/PXL_20210620_080728360.jpg
"703",./images/703/PXL_20210620_055810454.jpg,2021/06/20 14:58:10,Kohei Otsuka,上三林雷電神社入口道標,,"346",./mid_thumbs/703/PXL_20210620_055810454.jpg,./small_thumbs/703/PXL_20210620_055810454.jpg
"703",./images/703/PXL_20210620_055818538.jpg,2021/06/20 14:58:18,Kohei Otsuka,上三林雷電神社入口道標,,"347",./mid_thumbs/703/PXL_20210620_055818538.jpg,./small_thumbs/703/PXL_20210620_055818538.jpg
"717",./images/717/PXL_20210620_075033173.MP.jpg,2021/06/20 16:50:33,Kohei Otsuka,松沢氏大乗妙典供養塔,,"348",./mid_thumbs/717/PXL_20210620_075033173.MP.jpg,./small_thumbs/717/PXL_20210620_075033173.MP.jpg
"583",./images/583/PXL_20210620_065316435.jpg,2021/06/20 15:53:16,Shooter not reported - must update,龍福寺上岡遷馬頭尊,,"349",./mid_thumbs/583/PXL_20210620_065316435.jpg,./small_thumbs/583/PXL_20210620_065316435.jpg
"583",./images/583/PXL_20210620_065342745.jpg,2021/06/20 15:53:42,Shooter not reported - must update,龍福寺上岡遷馬頭尊,,"350",./mid_thumbs/583/PXL_20210620_065342745.jpg,./small_thumbs/583/PXL_20210620_065342745.jpg
"592",./images/592/PXL_20210620_065322350.jpg,2021/06/20 15:53:22,Shooter not reported - must update,龍福寺宇兵衛馬頭尊,,"351",./mid_thumbs/592/PXL_20210620_065322350.jpg,./small_thumbs/592/PXL_20210620_065322350.jpg
"629",./images/629/PXL_20210620_065644520.jpg,2021/06/20 15:56:44,Shooter not reported - must update,龍福寺如意輪念仏供養塔,,"352",./mid_thumbs/629/PXL_20210620_065644520.jpg,./small_thumbs/629/PXL_20210620_065644520.jpg
"629",./images/629/PXL_20210620_065650354.jpg,2021/06/20 15:56:50,Shooter not reported - must update,龍福寺如意輪念仏供養塔,,"353",./mid_thumbs/629/PXL_20210620_065650354.jpg,./small_thumbs/629/PXL_20210620_065650354.jpg
"709",./images/709/PXL_20210620_065516638.MP.jpg,2021/06/20 15:55:16,Shooter not reported - must update,龍福寺智光六十六部供養塔,,"354",./mid_thumbs/709/PXL_20210620_065516638.MP.jpg,./small_thumbs/709/PXL_20210620_065516638.MP.jpg
"709",./images/709/PXL_20210620_065521517.jpg,2021/06/20 15:55:21,Shooter not reported - must update,龍福寺智光六十六部供養塔,,"355",./mid_thumbs/709/PXL_20210620_065521517.jpg,./small_thumbs/709/PXL_20210620_065521517.jpg
"716",./images/716/PXL_20210620_065431775.jpg,2021/06/20 15:54:31,Shooter not reported - must update,龍福寺常休六十六部供養塔,,"356",./mid_thumbs/716/PXL_20210620_065431775.jpg,./small_thumbs/716/PXL_20210620_065431775.jpg
"716",./images/716/PXL_20210620_065447969.jpg,2021/06/20 15:54:47,Shooter not reported - must update,龍福寺常休六十六部供養塔,,"357",./mid_thumbs/716/PXL_20210620_065447969.jpg,./small_thumbs/716/PXL_20210620_065447969.jpg
"559",./images/559/PXL_20210620_065124725.jpg,2021/06/20 15:51:24,Shooter not reported - must update,龍福寺常念地蔵尊,,"358",./mid_thumbs/559/PXL_20210620_065124725.jpg,./small_thumbs/559/PXL_20210620_065124725.jpg
"559",./images/559/PXL_20210620_065154637.jpg,2021/06/20 15:51:54,Shooter not reported - must update,龍福寺常念地蔵尊,,"359",./mid_thumbs/559/PXL_20210620_065154637.jpg,./small_thumbs/559/PXL_20210620_065154637.jpg
"560",./images/560/PXL_20210620_065139408.MP.jpg,2021/06/20 15:51:39,Shooter not reported - must update,龍福寺正盛地蔵尊,,"360",./mid_thumbs/560/PXL_20210620_065139408.MP.jpg,./small_thumbs/560/PXL_20210620_065139408.MP.jpg
"560",./images/560/PXL_20210620_065145337.jpg,2021/06/20 15:51:45,Shooter not reported - must update,龍福寺正盛地蔵尊,,"361",./mid_thumbs/560/PXL_20210620_065145337.jpg,./small_thumbs/560/PXL_20210620_065145337.jpg
"564",./images/564/PXL_20210620_072806522.jpg,2021/06/20 16:28:06,Shooter not reported - must update,龍福寺六地蔵尊,,"362",./mid_thumbs/564/PXL_20210620_072806522.jpg,./small_thumbs/564/PXL_20210620_072806522.jpg
"564",./images/564/PXL_20210620_072817705.jpg,2021/06/20 16:28:17,Shooter not reported - must update,龍福寺六地蔵尊,,"363",./mid_thumbs/564/PXL_20210620_072817705.jpg,./small_thumbs/564/PXL_20210620_072817705.jpg
"564",./images/564/PXL_20210620_072821898.jpg,2021/06/20 16:28:21,Shooter not reported - must update,龍福寺六地蔵尊,,"364",./mid_thumbs/564/PXL_20210620_072821898.jpg,./small_thumbs/564/PXL_20210620_072821898.jpg
"571",./images/571/PXL_20210620_065617147.jpg,2021/06/20 15:56:17,Shooter not reported - must update,野辺龍福寺舟型馬頭尊,,"365",./mid_thumbs/571/PXL_20210620_065617147.jpg,./small_thumbs/571/PXL_20210620_065617147.jpg
"582",./images/582/PXL_20210620_045034644.PORTRAIT.jpg,2021/06/20 13:50:34,Shooter not reported - must update,雷光寺安政道標馬頭尊,,"366",./mid_thumbs/582/PXL_20210620_045034644.PORTRAIT.jpg,./small_thumbs/582/PXL_20210620_045034644.PORTRAIT.jpg
"604",./images/604/PXL_20210620_061449950.jpg,2021/06/20 15:14:49,Shooter not reported - must update,羽沼鞍之丞碑型馬頭尊,,"367",./mid_thumbs/604/PXL_20210620_061449950.jpg,./small_thumbs/604/PXL_20210620_061449950.jpg
"604",./images/604/PXL_20210620_061456999.jpg,2021/06/20 15:14:56,Shooter not reported - must update,羽沼鞍之丞碑型馬頭尊,,"368",./mid_thumbs/604/PXL_20210620_061456999.jpg,./small_thumbs/604/PXL_20210620_061456999.jpg
"1827",./images/1827/PXL_20210620_065532547.jpg,2021/06/20 15:55:32,Shooter not reported - must update,不明,,"369",./mid_thumbs/1827/prim_PXL_20210620_065532547.jpg,./small_thumbs/1827/prim_PXL_20210620_065532547.jpg
"1827",./images/1827/PXL_20210620_065541640.jpg,2021/06/20 15:55:41,Shooter not reported - must update,不明,,"370",./mid_thumbs/1827/PXL_20210620_065541640.jpg,./small_thumbs/1827/PXL_20210620_065541640.jpg
"1827",./images/1827/PXL_20210620_065552522.jpg,2021/06/20 15:55:52,Shooter not reported - must update,不明,,"371",./mid_thumbs/1827/PXL_20210620_065552522.jpg,./small_thumbs/1827/PXL_20210620_065552522.jpg
"667",./images/667/PXL_20210620_065759958.MP.jpg,2021/06/20 15:57:59,Shooter not reported - must update,龍福寺野辺庚申,,"372",./mid_thumbs/667/PRIM_PXL_20210620_065759958.MP.jpg,./small_thumbs/667/PRIM_PXL_20210620_065759958.MP.jpg
"667",./images/667/PXL_20210620_071510585.jpg,2021/06/20 16:15:10,Shooter not reported - must update,龍福寺野辺庚申,,"373",./mid_thumbs/667/PXL_20210620_071510585.jpg,./small_thumbs/667/PXL_20210620_071510585.jpg
"673",./images/673/PXL_20210620_065559365.jpg,2021/06/20 15:55:59,Shooter not reported - must update,龍福寺萬延野辺庚申,,"374",./mid_thumbs/673/PRIM_PXL_20210620_065559365.jpg,./small_thumbs/673/PRIM_PXL_20210620_065559365.jpg
"673",./images/673/PXL_20210620_065605236.jpg,2021/06/20 15:56:05,Shooter not reported - must update,龍福寺萬延野辺庚申,,"375",./mid_thumbs/673/PXL_20210620_065605236.jpg,./small_thumbs/673/PXL_20210620_065605236.jpg
"694",./images/694/PXL_20210620_065351053.jpg,2021/06/20 15:53:51,Kohei Otsuka,龍福寺享保宝篋印塔,,"376",./mid_thumbs/694/PXL_20210620_065351053.jpg,./small_thumbs/694/PXL_20210620_065351053.jpg
"694",./images/694/PXL_20210620_065400583.jpg,2021/06/20 15:54:00,Kohei Otsuka,龍福寺享保宝篋印塔,,"377",./mid_thumbs/694/PXL_20210620_065400583.jpg,./small_thumbs/694/PXL_20210620_065400583.jpg
"694",./images/694/PXL_20210620_072422916.jpg,2021/06/20 16:24:22,Kohei Otsuka,龍福寺享保宝篋印塔,,"378",./mid_thumbs/694/PXL_20210620_072422916.jpg,./small_thumbs/694/PXL_20210620_072422916.jpg
"694",./images/694/PXL_20210620_072433835.jpg,2021/06/20 16:24:33,Kohei Otsuka,龍福寺享保宝篋印塔,,"379",./mid_thumbs/694/PXL_20210620_072433835.jpg,./small_thumbs/694/PXL_20210620_072433835.jpg
"695",./images/695/PXL_20210620_065709112.jpg,2021/06/20 15:57:09,Shooter not reported - must update,龍福寺明和宝篋印塔,,"380",./mid_thumbs/695/PXL_20210620_065709112.jpg,./small_thumbs/695/PXL_20210620_065709112.jpg
"695",./images/695/PXL_20210620_065718748.jpg,2021/06/20 15:57:18,Shooter not reported - must update,龍福寺明和宝篋印塔,,"381",./mid_thumbs/695/PXL_20210620_065718748.jpg,./small_thumbs/695/PXL_20210620_065718748.jpg
"695",./images/695/PXL_20210620_065726149.jpg,2021/06/20 15:57:26,Shooter not reported - must update,龍福寺明和宝篋印塔,,"382",./mid_thumbs/695/PXL_20210620_065726149.jpg,./small_thumbs/695/PXL_20210620_065726149.jpg
"695",./images/695/PXL_20210620_065740700.jpg,2021/06/20 15:57:40,Shooter not reported - must update,龍福寺明和宝篋印塔,,"383",./mid_thumbs/695/PXL_20210620_065740700.jpg,./small_thumbs/695/PXL_20210620_065740700.jpg
"693",./images/693/PXL_20210620_072637828.jpg,2021/06/20 16:26:37,Shooter not reported - must update,龍福寺元禄宝篋印塔,,"384",./mid_thumbs/693/PXL_20210620_072637828.jpg,./small_thumbs/693/PXL_20210620_072637828.jpg
"693",./images/693/PXL_20210620_072631384.jpg,2021/06/20 16:26:31,Shooter not reported - must update,龍福寺元禄宝篋印塔,,"385",./mid_thumbs/693/PXL_20210620_072631384.jpg,./small_thumbs/693/PXL_20210620_072631384.jpg
"690",./images/690/PXL_20210620_072731161.jpg,2021/06/20 16:27:31,Shooter not reported - must update,龍福寺延宝元宝篋印塔,,"386",./mid_thumbs/690/PXL_20210620_072731161.jpg,./small_thumbs/690/PXL_20210620_072731161.jpg
"690",./images/690/PXL_20210620_072722068.jpg,2021/06/20 16:27:22,Shooter not reported - must update,龍福寺延宝元宝篋印塔,,"387",./mid_thumbs/690/PXL_20210620_072722068.jpg,./small_thumbs/690/PXL_20210620_072722068.jpg
"697",./images/697/PXL_20210620_053923496.jpg,2021/06/20 14:39:23,Shooter not reported - must update,雷光寺明和宝篋印塔,,"388",./mid_thumbs/697/PXL_20210620_053923496.jpg,./small_thumbs/697/PXL_20210620_053923496.jpg
"697",./images/697/PXL_20210620_053941788.jpg,2021/06/20 14:39:41,Shooter not reported - must update,雷光寺明和宝篋印塔,,"389",./mid_thumbs/697/PXL_20210620_053941788.jpg,./small_thumbs/697/PXL_20210620_053941788.jpg
"697",./images/697/PXL_20210620_053947582.jpg,2021/06/20 14:39:47,Shooter not reported - must update,雷光寺明和宝篋印塔,,"390",./mid_thumbs/697/PXL_20210620_053947582.jpg,./small_thumbs/697/PXL_20210620_053947582.jpg
"697",./images/697/PXL_20210620_053953114.jpg,2021/06/20 14:39:53,Shooter not reported - must update,雷光寺明和宝篋印塔,,"391",./mid_thumbs/697/PXL_20210620_053953114.jpg,./small_thumbs/697/PXL_20210620_053953114.jpg
"705",./images/705/IMG_2583.jpg,2021/08/09 16:05:46,Kohei Ostuka,下三林どうろくじん,,"392",./mid_thumbs/705/IMG_2583.jpg,./small_thumbs/705/IMG_2583.jpg
"705",./images/705/IMG_2586.jpg,2021/08/09 16:06:35,Kohei Otsuka,下三林どうろくじん,,"393",./mid_thumbs/705/IMG_2586.jpg,./small_thumbs/705/IMG_2586.jpg
"705",./images/705/IMG_2588.jpg,2021/08/09 16:07:05,Kohei Otsuka,下三林どうろくじん,,"394",./mid_thumbs/705/IMG_2588.jpg,./small_thumbs/705/IMG_2588.jpg
"705",./images/705/IMG_2587.jpg,2021/08/09 16:06:52,Kohei Otsuka,下三林どうろくじん,,"395",./mid_thumbs/705/IMG_2587.jpg,./small_thumbs/705/IMG_2587.jpg
"581",./images/581/IMG_2606.jpg,2021/08/09 16:27:44,Kohei Otsuka,舟戸安政馬頭尊,,"396",./mid_thumbs/581/IMG_2606.jpg,./small_thumbs/581/IMG_2606.jpg
"581",./images/581/IMG_2609.jpg,2021/08/09 16:28:25,Kohei Otsuka,舟戸安政馬頭尊,,"397",./mid_thumbs/581/IMG_2609.jpg,./small_thumbs/581/IMG_2609.jpg
"581",./images/581/IMG_2605.jpg,2021/08/09 16:27:33,Kohei Otsuka,舟戸安政馬頭尊,,"398",./mid_thumbs/581/IMG_2605.jpg,./small_thumbs/581/IMG_2605.jpg
"621",./images/621/IMG_2609.jpg,2021/08/09 16:28:25,Kohei Otsuka,舟戸多蔵馬頭尊,,"399",./mid_thumbs/621/IMG_2609.jpg,./small_thumbs/621/IMG_2609.jpg
"621",./images/621/IMG_2608.jpg,2021/08/09 16:28:09,Kohei Otsuka,舟戸多蔵馬頭尊,,"400",./mid_thumbs/621/IMG_2608.jpg,./small_thumbs/621/IMG_2608.jpg
"601",./images/601/IMG_2616.jpg,2021/08/09 16:37:16,Kohei Otsuka,舟戸仁平馬頭尊,,"401",./mid_thumbs/601/IMG_2616.jpg,./small_thumbs/601/IMG_2616.jpg
"601",./images/601/IMG_2615.jpg,2021/08/09 16:37:05,Kohei Otsuka,舟戸仁平馬頭尊,,"402",./mid_thumbs/601/IMG_2615.jpg,./small_thumbs/601/IMG_2615.jpg
"624",./images/624/IMG_2601.jpg,2021/08/09 16:25:45,Kohei Otsuka,舟戸豊作馬頭尊,,"403",./mid_thumbs/624/IMG_2601.jpg,./small_thumbs/624/IMG_2601.jpg
"608",./images/608/IMG_2636.jpg,2021/08/09 17:05:38,Kohei Otsuka,舟戸妙馬観世音,,"404",./mid_thumbs/608/IMG_2636.jpg,./small_thumbs/608/IMG_2636.jpg
"622",./images/622/IMG_2597.jpg,2021/08/09 16:17:21,Kohei Otsuka,下耕地利市郎馬頭尊,,"405",./mid_thumbs/622/IMG_2597.jpg,./small_thumbs/622/IMG_2597.jpg
"605",./images/605/IMG_2593.jpg,2021/08/09 16:13:43,Kohei Otsuka,下耕地末吉馬頭尊,,"406",./mid_thumbs/605/IMG_2593.jpg,./small_thumbs/605/IMG_2593.jpg
"605",./images/605/IMG_2592.jpg,2021/08/09 16:13:39,Kohei Otsuka,下耕地末吉馬頭尊,,"407",./mid_thumbs/605/IMG_2592.jpg,./small_thumbs/605/IMG_2592.jpg
"615",./images/615/IMG_2593.jpg,2021/08/09 16:13:43,Kohei Otsuka,下耕地北光馬頭尊,,"408",./mid_thumbs/615/IMG_2593.jpg,./small_thumbs/615/IMG_2593.jpg
"615",./images/615/IMG_2590.jpg,2021/08/09 16:12:57,Kohei Otsuka,下耕地北光馬頭尊,,"409",./mid_thumbs/615/IMG_2590.jpg,./small_thumbs/615/IMG_2590.jpg
"1045",./images/1045/IMG_2796.jpg,2021/08/10 12:37:32,Kohei Otsuka,上新田釈迦堂阿弥陀如来,,"410",./mid_thumbs/1045/IMG_2796.jpg,./small_thumbs/1045/IMG_2796.jpg
"1046",./images/1046/IMG_2805.jpg,2021/08/10 12:39:59,Kohei Otsuka,上新田釈迦堂享保地蔵菩薩,,"411",./mid_thumbs/1046/IMG_2805.jpg,./small_thumbs/1046/IMG_2805.jpg
"1047",./images/1047/IMG_2797.jpg,2021/08/10 12:38:01,Kohei Otsuka,上新田釈迦堂寛保地蔵菩薩,,"412",./mid_thumbs/1047/IMG_2797.jpg,./small_thumbs/1047/IMG_2797.jpg
"1048",./images/1048/IMG_2792.jpg,2021/08/10 12:37:07,Kohei Otsuka,上新田釈迦堂明和地蔵菩薩,,"413",./mid_thumbs/1048/IMG_2792.jpg,./small_thumbs/1048/IMG_2792.jpg
"1078",./images/1078/IMG_2804.jpg,2021/08/10 12:39:43,Kohei Otsuka,上新田釈迦堂青面金剛,,"414",./mid_thumbs/1078/IMG_2804.jpg,./small_thumbs/1078/IMG_2804.jpg
"1123",./images/1123/IMG_2801.jpg,2021/08/10 12:39:02,Kohei Otsuka,上新田釈迦堂十九夜念仏供養,,"415",./mid_thumbs/1123/IMG_2801.jpg,./small_thumbs/1123/IMG_2801.jpg
"1123",./images/1123/IMG_2800.jpg,2021/08/10 12:38:52,Kohei Otsuka,上新田釈迦堂十九夜念仏供養,,"416",./mid_thumbs/1123/IMG_2800.jpg,./small_thumbs/1123/IMG_2800.jpg
"1106",./images/1106/IMG_2807.jpg,2021/08/10 12:40:33,Kohei Otsuka,上新田釈迦堂松島家馬頭観世音,,"417",./mid_thumbs/1106/IMG_2807.jpg,./small_thumbs/1106/IMG_2807.jpg
"1106",./images/1106/IMG_2806.jpg,2021/08/10 12:40:27,Kohei Otsuka,上新田釈迦堂松島家馬頭観世音,,"418",./mid_thumbs/1106/IMG_2806.jpg,./small_thumbs/1106/IMG_2806.jpg
"1104",./images/1104/IMG_2794.jpg,2021/08/10 12:37:18,Kohei Otsuka,上新田釈迦堂中村家馬頭観世音,,"419",./mid_thumbs/1104/IMG_2794.jpg,./small_thumbs/1104/IMG_2794.jpg
"1073",./images/1073/IMG_2734.jpg,2021/08/10 11:45:47,Kohei Otsuka,観音青面金剛三猿庚申,,"420",./mid_thumbs/1073/IMG_2734.jpg,./small_thumbs/1073/IMG_2734.jpg
"1076",./images/1076/IMG_2776.jpg,2021/08/10 12:29:43,Kohei Otsuka,岡里青面金剛三猿庚申,,"421",./mid_thumbs/1076/IMG_2776.jpg,./small_thumbs/1076/IMG_2776.jpg
"1076",./images/1076/IMG_2778.jpg,2021/08/10 12:30:08,Kohei Otsuka,岡里青面金剛三猿庚申,,"422",./mid_thumbs/1076/IMG_2778.jpg,./small_thumbs/1076/IMG_2778.jpg
"1077",./images/1077/IMG_2767.jpg,2021/08/10 12:19:55,Kohei Otsuka,岡里倉持家屋敷庚申,,"423",./mid_thumbs/1077/IMG_2767.jpg,./small_thumbs/1077/IMG_2767.jpg
"1077",./images/1077/IMG_2768.jpg,2021/08/10 12:20:05,Kohei Otsuka,岡里倉持家屋敷庚申,,"424",./mid_thumbs/1077/IMG_2768.jpg,./small_thumbs/1077/IMG_2768.jpg
"1080",./images/1080/IMG_2847.jpg,2021/08/10 13:12:50,Kohei Otsuka,本郷青面金剛,,"425",./mid_thumbs/1080/IMG_2847.jpg,./small_thumbs/1080/IMG_2847.jpg
"1080",./images/1080/IMG_2848.jpg,2021/08/10 13:12:58,Kohei Otsuka,本郷青面金剛,,"426",./mid_thumbs/1080/IMG_2848.jpg,./small_thumbs/1080/IMG_2848.jpg
"1080",./images/1080/IMG_2849.jpg,2021/08/10 13:13:10,Kohei Otsuka,本郷青面金剛,,"427",./mid_thumbs/1080/IMG_2849.jpg,./small_thumbs/1080/IMG_2849.jpg
"1080",./images/1080/IMG_2846.jpg,2021/08/10 13:12:38,Kohei Otsuka,本郷青面金剛,,"428",./mid_thumbs/1080/IMG_2846.jpg,./small_thumbs/1080/IMG_2846.jpg
"1155",./images/1155/IMG_2860.jpg,2021/08/10 13:19:45,Kohei Otsuka,山王日限地蔵前庚申,,"429",./mid_thumbs/1155/IMG_2860.jpg,./small_thumbs/1155/IMG_2860.jpg
"1155",./images/1155/IMG_2861.jpg,2021/08/10 13:20:16,Kohei Otsuka,山王日限地蔵前庚申,,"430",./mid_thumbs/1155/IMG_2861.jpg,./small_thumbs/1155/IMG_2861.jpg
"1155",./images/1155/IMG_2859.jpg,2021/08/10 13:19:36,Kohei Otsuka,山王日限地蔵前庚申,,"431",./mid_thumbs/1155/IMG_2859.jpg,./small_thumbs/1155/IMG_2859.jpg
"1601",./images/1601/IMG_2888.jpg,2021/08/10 13:34:55,Kohei Otsuka,吉祥寺庚申,,"432",./mid_thumbs/1601/IMG_2888.jpg,./small_thumbs/1601/IMG_2888.jpg
"319",./images/319/IMG_2900.jpg,2021/08/10 13:43:09,Kohei Otsuka,田谷宝永庚申塔,,"433",./mid_thumbs/319/IMG_2900.jpg,./small_thumbs/319/IMG_2900.jpg
"1595",./images/1595/IMG_2895.jpg,2021/08/10 13:38:53,Kohei Otsuka,寄居二猿庚申,,"434",./mid_thumbs/1595/IMG_2895.jpg,./small_thumbs/1595/IMG_2895.jpg
"1595",./images/1595/IMG_2896.jpg,2021/08/10 13:39:02,Kohei Otsuka,寄居二猿庚申,,"435",./mid_thumbs/1595/IMG_2896.jpg,./small_thumbs/1595/IMG_2896.jpg
"1595",./images/1595/IMG_2894.jpg,2021/08/10 13:38:45,Kohei Otsuka,寄居二猿庚申,,"436",./mid_thumbs/1595/IMG_2894.jpg,./small_thumbs/1595/IMG_2894.jpg
"314",./images/314/IMG_2963.jpg,2021/08/10 14:23:44,Kohei Otsuka,判官塚延宝庚申塔,,"437",./mid_thumbs/314/IMG_2963.jpg,./small_thumbs/314/IMG_2963.jpg
"321",./images/321/IMG_2964.jpg,2021/08/10 14:23:59,Kohei Otsuka,判官塚享保青面金剛,,"438",./mid_thumbs/321/IMG_2964.jpg,./small_thumbs/321/IMG_2964.jpg
"322",./images/322/IMG_2965.jpg,2021/08/10 14:24:03,Kohei Otsuka,判官塚寛政庚申塔,,"439",./mid_thumbs/322/IMG_2965.jpg,./small_thumbs/322/IMG_2965.jpg
"325",./images/325/IMG_2962.jpg,2021/08/10 14:23:31,Kohei Otsuka,判官塚萬延庚申塔,,"440",./mid_thumbs/325/IMG_2962.jpg,./small_thumbs/325/IMG_2962.jpg
"1100",./images/1100/IMG_2999.jpg,2021/08/10 14:49:51,Kohei Otsuka,正儀内新田庚申,,"441",./mid_thumbs/1100/IMG_2999.jpg,./small_thumbs/1100/IMG_2999.jpg
"1101",./images/1101/IMG_2745.jpg,2021/08/10 11:47:46,Kohei Otsuka,観音堂峯木家馬頭観世音,,"442",./mid_thumbs/1101/IMG_2745.jpg,./small_thumbs/1101/IMG_2745.jpg
"1103",./images/1103/IMG_2774.jpg,2021/08/10 12:28:26,Kohei Otsuka,岡里小林家馬頭観世音,,"443",./mid_thumbs/1103/IMG_2774.jpg,./small_thumbs/1103/IMG_2774.jpg
"283",./images/283/IMG_2956.jpg,2021/08/10 14:22:43,Kohei Otsuka,判官塚天保馬頭尊,,"444",./mid_thumbs/283/IMG_2956.jpg,./small_thumbs/283/IMG_2956.jpg
"283",./images/283/IMG_2957.jpg,2021/08/10 14:22:50,Kohei Otsuka,判官塚天保馬頭尊,,"445",./mid_thumbs/283/IMG_2957.jpg,./small_thumbs/283/IMG_2957.jpg
"288",./images/288/IMG_2958.jpg,2021/08/10 14:23:02,Kohei Otsuka,判官塚小暮馬頭観世音,,"446",./mid_thumbs/288/IMG_2958.jpg,./small_thumbs/288/IMG_2958.jpg
"291",./images/291/IMG_2959.jpg,2021/08/10 14:23:07,Kohei Otsuka,判官塚浜野馬頭観世音,,"447",./mid_thumbs/291/IMG_2959.jpg,./small_thumbs/291/IMG_2959.jpg
"1124",./images/1124/IMG_2862.jpg,2021/08/10 13:20:25,Kohei Otsuka,山王日限地蔵前十九夜,,"448",./mid_thumbs/1124/IMG_2862.jpg,./small_thumbs/1124/IMG_2862.jpg
"1124",./images/1124/IMG_2865.jpg,2021/08/10 13:20:45,Kohei Otsuka,山王日限地蔵前十九夜,,"449",./mid_thumbs/1124/IMG_2865.jpg,./small_thumbs/1124/IMG_2865.jpg
"1124",./images/1124/IMG_2866.jpg,2021/08/10 13:20:54,Kohei Otsuka,山王日限地蔵前十九夜,,"450",./mid_thumbs/1124/IMG_2866.jpg,./small_thumbs/1124/IMG_2866.jpg
"1124",./images/1124/IMG_2863.jpg,2021/08/10 13:20:33,Kohei Otsuka,山王日限地蔵前十九夜,,"451",./mid_thumbs/1124/IMG_2863.jpg,./small_thumbs/1124/IMG_2863.jpg
"1060",./images/1060/IMG_2867.jpg,2021/08/10 13:21:02,Kohei Otsuka,山王地蔵菩薩,,"452",./mid_thumbs/1060/IMG_2867.jpg,./small_thumbs/1060/IMG_2867.jpg
"1060",./images/1060/IMG_2868.jpg,2021/08/10 13:21:15,Kohei Otsuka,山王地蔵菩薩,,"453",./mid_thumbs/1060/IMG_2868.jpg,./small_thumbs/1060/IMG_2868.jpg
"307",./images/307/IMG_2901.jpg,2021/08/10 13:43:29,Kohei Otsuka,田谷嘉永十九夜塔,,"454",./mid_thumbs/307/IMG_2901.jpg,./small_thumbs/307/IMG_2901.jpg
"308",./images/308/IMG_2947.jpg,2021/08/10 14:15:42,Kohei Otsuka,千塚十九夜塔,,"455",./mid_thumbs/308/IMG_2947.jpg,./small_thumbs/308/IMG_2947.jpg
"727",./images/727/IMG_3427.jpg,2021/08/11 14:08:44,Kohei Otsuka,常楽寺延宝念仏阿弥陀尊,,"456",./mid_thumbs/727/IMG_3427.jpg,./small_thumbs/727/IMG_3427.jpg
"728",./images/728/IMG_3369.jpg,2021/08/11 13:24:29,Kohei Otsuka,木戸阿閦如来供養塔,,"457",./mid_thumbs/728/IMG_3369.jpg,./small_thumbs/728/IMG_3369.jpg
"728",./images/728/IMG_3370.jpg,2021/08/11 13:24:33,Kohei Otsuka,木戸阿閦如来供養塔,,"458",./mid_thumbs/728/IMG_3370.jpg,./small_thumbs/728/IMG_3370.jpg
"728",./images/728/IMG_3368.jpg,2021/08/11 13:24:17,Kohei Otsuka,木戸阿閦如来供養塔,,"459",./mid_thumbs/728/IMG_3368.jpg,./small_thumbs/728/IMG_3368.jpg
"729",./images/729/IMG_3407.jpg,2021/08/11 14:02:46,Kohei Otsuka,常楽寺廻国聖観音,,"460",./mid_thumbs/729/IMG_3407.jpg,./small_thumbs/729/IMG_3407.jpg
"729",./images/729/IMG_3413.jpg,2021/08/11 14:03:34,Kohei Otsuka,常楽寺廻国聖観音,,"461",./mid_thumbs/729/IMG_3413.jpg,./small_thumbs/729/IMG_3413.jpg
"730",./images/730/IMG_3431.jpg,2021/08/11 14:09:26,Kohei Otsuka,常楽寺宝暦飯島聖観音,,"462",./mid_thumbs/730/IMG_3431.jpg,./small_thumbs/730/IMG_3431.jpg
"730",./images/730/IMG_3432.jpg,2021/08/11 14:09:35,Kohei Otsuka,常楽寺宝暦飯島聖観音,,"463",./mid_thumbs/730/IMG_3432.jpg,./small_thumbs/730/IMG_3432.jpg
"730",./images/730/IMG_3430.jpg,2021/08/11 14:09:13,Kohei Otsuka,常楽寺宝暦飯島聖観音,,"464",./mid_thumbs/730/IMG_3430.jpg,./small_thumbs/730/IMG_3430.jpg
"731",./images/731/IMG_3450.jpg,2021/08/11 14:18:47,Kohei Otsuka,深諦寺聖観音普門品供養,,"465",./mid_thumbs/731/IMG_3450.jpg,./small_thumbs/731/IMG_3450.jpg
"731",./images/731/IMG_3451.jpg,2021/08/11 14:18:58,Kohei Otsuka,深諦寺聖観音普門品供養,,"466",./mid_thumbs/731/IMG_3451.jpg,./small_thumbs/731/IMG_3451.jpg
"731",./images/731/IMG_3449.jpg,2021/08/11 14:18:37,Kohei Otsuka,深諦寺聖観音普門品供養,,"467",./mid_thumbs/731/IMG_3449.jpg,./small_thumbs/731/IMG_3449.jpg
"726",./images/726/IMG_3526.jpg,2021/08/11 15:15:14,Kohei Otsuka,宝生寺大日如来像,,"468",./mid_thumbs/726/IMG_3526.jpg,./small_thumbs/726/IMG_3526.jpg
"726",./images/726/IMG_3527.jpg,2021/08/11 15:15:20,Kohei Otsuka,宝生寺大日如来像,,"469",./mid_thumbs/726/IMG_3527.jpg,./small_thumbs/726/IMG_3527.jpg
"726",./images/726/IMG_3528.jpg,2021/08/11 15:15:27,Kohei Otsuka,宝生寺大日如来像,,"470",./mid_thumbs/726/IMG_3528.jpg,./small_thumbs/726/IMG_3528.jpg
"726",./images/726/IMG_3529.jpg,2021/08/11 15:15:38,Kohei Otsuka,宝生寺大日如来像,,"471",./mid_thumbs/726/IMG_3529.jpg,./small_thumbs/726/IMG_3529.jpg
"726",./images/726/IMG_3525.jpg,2021/08/11 15:15:08,Kohei Otsuka,宝生寺大日如来像,,"472",./mid_thumbs/726/IMG_3525.jpg,./small_thumbs/726/IMG_3525.jpg
"750",./images/750/IMG_3533.jpg,2021/08/11 15:16:07,Kohei Otsuka,宝生寺寛政地蔵尊,,"473",./mid_thumbs/750/IMG_3533.jpg,./small_thumbs/750/IMG_3533.jpg
"750",./images/750/IMG_3534.jpg,2021/08/11 15:16:16,Kohei Otsuka,宝生寺寛政地蔵尊,,"474",./mid_thumbs/750/IMG_3534.jpg,./small_thumbs/750/IMG_3534.jpg
"750",./images/750/IMG_3532.jpg,2021/08/11 15:16:00,Kohei Otsuka,宝生寺寛政地蔵尊,,"475",./mid_thumbs/750/IMG_3532.jpg,./small_thumbs/750/IMG_3532.jpg
"737",./images/737/IMG_3559.jpg,2021/08/11 15:34:47,Kohei Otsuka,日向義民地蔵尊,,"476",./mid_thumbs/737/IMG_3559.jpg,./small_thumbs/737/IMG_3559.jpg
"737",./images/737/IMG_3560.jpg,2021/08/11 15:35:01,Kohei Otsuka,日向義民地蔵尊,,"477",./mid_thumbs/737/IMG_3560.jpg,./small_thumbs/737/IMG_3560.jpg
"753",./images/753/IMG_3421.jpg,2021/08/11 14:06:42,Kohei Otsuka,やきもち地蔵尊,,"478",./mid_thumbs/753/IMG_3421.jpg,./small_thumbs/753/IMG_3421.jpg
"753",./images/753/IMG_3422.jpg,2021/08/11 14:06:49,Kohei Otsuka,やきもち地蔵尊,,"479",./mid_thumbs/753/IMG_3422.jpg,./small_thumbs/753/IMG_3422.jpg
